boolean	false	false	\N	f	t	f	t	t	f
boolean	false	true	\N	t	t	f	f	f	t
boolean	false	\N	\N	u	u	u	u	u	u
boolean	true	false	\N	f	f	t	t	f	t
boolean	true	true	\N	f	t	f	t	t	f
boolean	true	\N	\N	u	u	u	u	u	u
boolean	\N	false	\N	u	u	u	u	u	u
boolean	\N	true	\N	u	u	u	u	u	u
boolean	\N	\N	\N	u	u	u	u	u	u
boolean	t	false	\N	f	f	t	t	f	t
boolean	false	t	\N	t	t	f	f	f	t
boolean	yes	false	\N	f	f	t	t	f	t
boolean	false	yes	\N	t	t	f	f	f	t
boolean	maybe	false	\N	E22P02	E22P02	E22P02	E22P02	E22P02	E22P02
boolean	false	maybe	\N	E22P02	E22P02	E22P02	E22P02	E22P02	E22P02
smallint	-32768	-32768	\N	f	t	f	t	t	f
smallint	-32768	0	\N	t	t	f	f	f	t
smallint	-32768	32767	\N	t	t	f	f	f	t
smallint	-32768	\N	\N	u	u	u	u	u	u
smallint	0	-32768	\N	f	f	t	t	f	t
smallint	0	0	\N	f	t	f	t	t	f
smallint	0	32767	\N	t	t	f	f	f	t
smallint	0	\N	\N	u	u	u	u	u	u
smallint	32767	-32768	\N	f	f	t	t	f	t
smallint	32767	0	\N	f	f	t	t	f	t
smallint	32767	32767	\N	f	t	f	t	t	f
smallint	32767	\N	\N	u	u	u	u	u	u
smallint	\N	-32768	\N	u	u	u	u	u	u
smallint	\N	0	\N	u	u	u	u	u	u
smallint	\N	32767	\N	u	u	u	u	u	u
smallint	\N	\N	\N	u	u	u	u	u	u
smallint	32768	-32768	\N	E22003	E22003	E22003	E22003	E22003	E22003
smallint	-32768	32768	\N	E22003	E22003	E22003	E22003	E22003	E22003
integer	-2147483648	-2147483648	\N	f	t	f	t	t	f
integer	-2147483648	0	\N	t	t	f	f	f	t
integer	-2147483648	2147483647	\N	t	t	f	f	f	t
integer	-2147483648	\N	\N	u	u	u	u	u	u
integer	0	-2147483648	\N	f	f	t	t	f	t
integer	0	0	\N	f	t	f	t	t	f
integer	0	2147483647	\N	t	t	f	f	f	t
integer	0	\N	\N	u	u	u	u	u	u
integer	2147483647	-2147483648	\N	f	f	t	t	f	t
integer	2147483647	0	\N	f	f	t	t	f	t
integer	2147483647	2147483647	\N	f	t	f	t	t	f
integer	2147483647	\N	\N	u	u	u	u	u	u
integer	\N	-2147483648	\N	u	u	u	u	u	u
integer	\N	0	\N	u	u	u	u	u	u
integer	\N	2147483647	\N	u	u	u	u	u	u
integer	\N	\N	\N	u	u	u	u	u	u
integer	2147483648	-2147483648	\N	E22003	E22003	E22003	E22003	E22003	E22003
integer	-2147483648	2147483648	\N	E22003	E22003	E22003	E22003	E22003	E22003
integer	 42 	-2147483648	\N	f	f	t	t	f	t
integer	-2147483648	 42 	\N	t	t	f	f	f	t
integer	1e3	-2147483648	\N	E22P02	E22P02	E22P02	E22P02	E22P02	E22P02
integer	-2147483648	1e3	\N	E22P02	E22P02	E22P02	E22P02	E22P02	E22P02
bigint	-9223372036854775808	-9223372036854775808	\N	f	t	f	t	t	f
bigint	-9223372036854775808	0	\N	t	t	f	f	f	t
bigint	-9223372036854775808	9223372036854775807	\N	t	t	f	f	f	t
bigint	-9223372036854775808	\N	\N	u	u	u	u	u	u
bigint	0	-9223372036854775808	\N	f	f	t	t	f	t
bigint	0	0	\N	f	t	f	t	t	f
bigint	0	9223372036854775807	\N	t	t	f	f	f	t
bigint	0	\N	\N	u	u	u	u	u	u
bigint	9223372036854775807	-9223372036854775808	\N	f	f	t	t	f	t
bigint	9223372036854775807	0	\N	f	f	t	t	f	t
bigint	9223372036854775807	9223372036854775807	\N	f	t	f	t	t	f
bigint	9223372036854775807	\N	\N	u	u	u	u	u	u
bigint	\N	-9223372036854775808	\N	u	u	u	u	u	u
bigint	\N	0	\N	u	u	u	u	u	u
bigint	\N	9223372036854775807	\N	u	u	u	u	u	u
bigint	\N	\N	\N	u	u	u	u	u	u
bigint	9223372036854775808	-9223372036854775808	\N	E22003	E22003	E22003	E22003	E22003	E22003
bigint	-9223372036854775808	9223372036854775808	\N	E22003	E22003	E22003	E22003	E22003	E22003
oid	0	0	\N	f	t	f	t	t	f
oid	0	2147483647	\N	t	t	f	f	f	t
oid	0	2147483648	\N	t	t	f	f	f	t
oid	0	4294967295	\N	t	t	f	f	f	t
oid	0	\N	\N	u	u	u	u	u	u
oid	2147483647	0	\N	f	f	t	t	f	t
oid	2147483647	2147483647	\N	f	t	f	t	t	f
oid	2147483647	2147483648	\N	t	t	f	f	f	t
oid	2147483647	4294967295	\N	t	t	f	f	f	t
oid	2147483647	\N	\N	u	u	u	u	u	u
oid	2147483648	0	\N	f	f	t	t	f	t
oid	2147483648	2147483647	\N	f	f	t	t	f	t
oid	2147483648	2147483648	\N	f	t	f	t	t	f
oid	2147483648	4294967295	\N	t	t	f	f	f	t
oid	2147483648	\N	\N	u	u	u	u	u	u
oid	4294967295	0	\N	f	f	t	t	f	t
oid	4294967295	2147483647	\N	f	f	t	t	f	t
oid	4294967295	2147483648	\N	f	f	t	t	f	t
oid	4294967295	4294967295	\N	f	t	f	t	t	f
oid	4294967295	\N	\N	u	u	u	u	u	u
oid	\N	0	\N	u	u	u	u	u	u
oid	\N	2147483647	\N	u	u	u	u	u	u
oid	\N	2147483648	\N	u	u	u	u	u	u
oid	\N	4294967295	\N	u	u	u	u	u	u
oid	\N	\N	\N	u	u	u	u	u	u
oid	-1	0	\N	f	f	t	t	f	t
oid	0	-1	\N	t	t	f	f	f	t
oid	4294967296	0	\N	E22003	E22003	E22003	E22003	E22003	E22003
oid	0	4294967296	\N	E22003	E22003	E22003	E22003	E22003	E22003
oid	abc	0	\N	E22P02	E22P02	E22P02	E22P02	E22P02	E22P02
oid	0	abc	\N	E22P02	E22P02	E22P02	E22P02	E22P02	E22P02
real	-Infinity	-Infinity	\N	f	t	f	t	t	f
real	-Infinity	-0	\N	t	t	f	f	f	t
real	-Infinity	0	\N	t	t	f	f	f	t
real	-Infinity	1.5	\N	t	t	f	f	f	t
real	-Infinity	Infinity	\N	t	t	f	f	f	t
real	-Infinity	NaN	\N	t	t	f	f	f	t
real	-Infinity	\N	\N	u	u	u	u	u	u
real	-0	-Infinity	\N	f	f	t	t	f	t
real	-0	-0	\N	f	t	f	t	t	f
real	-0	0	\N	f	t	f	t	t	f
real	-0	1.5	\N	t	t	f	f	f	t
real	-0	Infinity	\N	t	t	f	f	f	t
real	-0	NaN	\N	t	t	f	f	f	t
real	-0	\N	\N	u	u	u	u	u	u
real	0	-Infinity	\N	f	f	t	t	f	t
real	0	-0	\N	f	t	f	t	t	f
real	0	0	\N	f	t	f	t	t	f
real	0	1.5	\N	t	t	f	f	f	t
real	0	Infinity	\N	t	t	f	f	f	t
real	0	NaN	\N	t	t	f	f	f	t
real	0	\N	\N	u	u	u	u	u	u
real	1.5	-Infinity	\N	f	f	t	t	f	t
real	1.5	-0	\N	f	f	t	t	f	t
real	1.5	0	\N	f	f	t	t	f	t
real	1.5	1.5	\N	f	t	f	t	t	f
real	1.5	Infinity	\N	t	t	f	f	f	t
real	1.5	NaN	\N	t	t	f	f	f	t
real	1.5	\N	\N	u	u	u	u	u	u
real	Infinity	-Infinity	\N	f	f	t	t	f	t
real	Infinity	-0	\N	f	f	t	t	f	t
real	Infinity	0	\N	f	f	t	t	f	t
real	Infinity	1.5	\N	f	f	t	t	f	t
real	Infinity	Infinity	\N	f	t	f	t	t	f
real	Infinity	NaN	\N	t	t	f	f	f	t
real	Infinity	\N	\N	u	u	u	u	u	u
real	NaN	-Infinity	\N	f	f	t	t	f	t
real	NaN	-0	\N	f	f	t	t	f	t
real	NaN	0	\N	f	f	t	t	f	t
real	NaN	1.5	\N	f	f	t	t	f	t
real	NaN	Infinity	\N	f	f	t	t	f	t
real	NaN	NaN	\N	f	t	f	t	t	f
real	NaN	\N	\N	u	u	u	u	u	u
real	\N	-Infinity	\N	u	u	u	u	u	u
real	\N	-0	\N	u	u	u	u	u	u
real	\N	0	\N	u	u	u	u	u	u
real	\N	1.5	\N	u	u	u	u	u	u
real	\N	Infinity	\N	u	u	u	u	u	u
real	\N	NaN	\N	u	u	u	u	u	u
real	\N	\N	\N	u	u	u	u	u	u
real	1e400	-Infinity	\N	E22003	E22003	E22003	E22003	E22003	E22003
real	-Infinity	1e400	\N	E22003	E22003	E22003	E22003	E22003	E22003
real	inf	-Infinity	\N	f	f	t	t	f	t
real	-Infinity	inf	\N	t	t	f	f	f	t
double precision	-Infinity	-Infinity	\N	f	t	f	t	t	f
double precision	-Infinity	-0	\N	t	t	f	f	f	t
double precision	-Infinity	0	\N	t	t	f	f	f	t
double precision	-Infinity	1.5	\N	t	t	f	f	f	t
double precision	-Infinity	Infinity	\N	t	t	f	f	f	t
double precision	-Infinity	NaN	\N	t	t	f	f	f	t
double precision	-Infinity	\N	\N	u	u	u	u	u	u
double precision	-0	-Infinity	\N	f	f	t	t	f	t
double precision	-0	-0	\N	f	t	f	t	t	f
double precision	-0	0	\N	f	t	f	t	t	f
double precision	-0	1.5	\N	t	t	f	f	f	t
double precision	-0	Infinity	\N	t	t	f	f	f	t
double precision	-0	NaN	\N	t	t	f	f	f	t
double precision	-0	\N	\N	u	u	u	u	u	u
double precision	0	-Infinity	\N	f	f	t	t	f	t
double precision	0	-0	\N	f	t	f	t	t	f
double precision	0	0	\N	f	t	f	t	t	f
double precision	0	1.5	\N	t	t	f	f	f	t
double precision	0	Infinity	\N	t	t	f	f	f	t
double precision	0	NaN	\N	t	t	f	f	f	t
double precision	0	\N	\N	u	u	u	u	u	u
double precision	1.5	-Infinity	\N	f	f	t	t	f	t
double precision	1.5	-0	\N	f	f	t	t	f	t
double precision	1.5	0	\N	f	f	t	t	f	t
double precision	1.5	1.5	\N	f	t	f	t	t	f
double precision	1.5	Infinity	\N	t	t	f	f	f	t
double precision	1.5	NaN	\N	t	t	f	f	f	t
double precision	1.5	\N	\N	u	u	u	u	u	u
double precision	Infinity	-Infinity	\N	f	f	t	t	f	t
double precision	Infinity	-0	\N	f	f	t	t	f	t
double precision	Infinity	0	\N	f	f	t	t	f	t
double precision	Infinity	1.5	\N	f	f	t	t	f	t
double precision	Infinity	Infinity	\N	f	t	f	t	t	f
double precision	Infinity	NaN	\N	t	t	f	f	f	t
double precision	Infinity	\N	\N	u	u	u	u	u	u
double precision	NaN	-Infinity	\N	f	f	t	t	f	t
double precision	NaN	-0	\N	f	f	t	t	f	t
double precision	NaN	0	\N	f	f	t	t	f	t
double precision	NaN	1.5	\N	f	f	t	t	f	t
double precision	NaN	Infinity	\N	f	f	t	t	f	t
double precision	NaN	NaN	\N	f	t	f	t	t	f
double precision	NaN	\N	\N	u	u	u	u	u	u
double precision	\N	-Infinity	\N	u	u	u	u	u	u
double precision	\N	-0	\N	u	u	u	u	u	u
double precision	\N	0	\N	u	u	u	u	u	u
double precision	\N	1.5	\N	u	u	u	u	u	u
double precision	\N	Infinity	\N	u	u	u	u	u	u
double precision	\N	NaN	\N	u	u	u	u	u	u
double precision	\N	\N	\N	u	u	u	u	u	u
double precision	1e400	-Infinity	\N	E22003	E22003	E22003	E22003	E22003	E22003
double precision	-Infinity	1e400	\N	E22003	E22003	E22003	E22003	E22003	E22003
double precision	inf	-Infinity	\N	f	f	t	t	f	t
double precision	-Infinity	inf	\N	t	t	f	f	f	t
numeric(10,2)	-1.50	-1.50	\N	f	t	f	t	t	f
numeric(10,2)	-1.50	0	\N	t	t	f	f	f	t
numeric(10,2)	-1.50	1.5	\N	t	t	f	f	f	t
numeric(10,2)	-1.50	1.50	\N	t	t	f	f	f	t
numeric(10,2)	-1.50	NaN	\N	t	t	f	f	f	t
numeric(10,2)	-1.50	\N	\N	u	u	u	u	u	u
numeric(10,2)	0	-1.50	\N	f	f	t	t	f	t
numeric(10,2)	0	0	\N	f	t	f	t	t	f
numeric(10,2)	0	1.5	\N	t	t	f	f	f	t
numeric(10,2)	0	1.50	\N	t	t	f	f	f	t
numeric(10,2)	0	NaN	\N	t	t	f	f	f	t
numeric(10,2)	0	\N	\N	u	u	u	u	u	u
numeric(10,2)	1.5	-1.50	\N	f	f	t	t	f	t
numeric(10,2)	1.5	0	\N	f	f	t	t	f	t
numeric(10,2)	1.5	1.5	\N	f	t	f	t	t	f
numeric(10,2)	1.5	1.50	\N	f	t	f	t	t	f
numeric(10,2)	1.5	NaN	\N	t	t	f	f	f	t
numeric(10,2)	1.5	\N	\N	u	u	u	u	u	u
numeric(10,2)	1.50	-1.50	\N	f	f	t	t	f	t
numeric(10,2)	1.50	0	\N	f	f	t	t	f	t
numeric(10,2)	1.50	1.5	\N	f	t	f	t	t	f
numeric(10,2)	1.50	1.50	\N	f	t	f	t	t	f
numeric(10,2)	1.50	NaN	\N	t	t	f	f	f	t
numeric(10,2)	1.50	\N	\N	u	u	u	u	u	u
numeric(10,2)	NaN	-1.50	\N	f	f	t	t	f	t
numeric(10,2)	NaN	0	\N	f	f	t	t	f	t
numeric(10,2)	NaN	1.5	\N	f	f	t	t	f	t
numeric(10,2)	NaN	1.50	\N	f	f	t	t	f	t
numeric(10,2)	NaN	NaN	\N	f	t	f	t	t	f
numeric(10,2)	NaN	\N	\N	u	u	u	u	u	u
numeric(10,2)	\N	-1.50	\N	u	u	u	u	u	u
numeric(10,2)	\N	0	\N	u	u	u	u	u	u
numeric(10,2)	\N	1.5	\N	u	u	u	u	u	u
numeric(10,2)	\N	1.50	\N	u	u	u	u	u	u
numeric(10,2)	\N	NaN	\N	u	u	u	u	u	u
numeric(10,2)	\N	\N	\N	u	u	u	u	u	u
numeric(10,2)	12345678901	-1.50	\N	E22003	E22003	E22003	E22003	E22003	E22003
numeric(10,2)	-1.50	12345678901	\N	E22003	E22003	E22003	E22003	E22003	E22003
numeric(10,2)	1.005	-1.50	\N	f	f	t	t	f	t
numeric(10,2)	-1.50	1.005	\N	t	t	f	f	f	t
numeric(38,10)	-1.5	-1.5	\N	f	t	f	t	t	f
numeric(38,10)	-1.5	0	\N	t	t	f	f	f	t
numeric(38,10)	-1.5	1234567890123456789012345678.1234567890	\N	t	t	f	f	f	t
numeric(38,10)	-1.5	NaN	\N	t	t	f	f	f	t
numeric(38,10)	-1.5	\N	\N	u	u	u	u	u	u
numeric(38,10)	0	-1.5	\N	f	f	t	t	f	t
numeric(38,10)	0	0	\N	f	t	f	t	t	f
numeric(38,10)	0	1234567890123456789012345678.1234567890	\N	t	t	f	f	f	t
numeric(38,10)	0	NaN	\N	t	t	f	f	f	t
numeric(38,10)	0	\N	\N	u	u	u	u	u	u
numeric(38,10)	1234567890123456789012345678.1234567890	-1.5	\N	f	f	t	t	f	t
numeric(38,10)	1234567890123456789012345678.1234567890	0	\N	f	f	t	t	f	t
numeric(38,10)	1234567890123456789012345678.1234567890	1234567890123456789012345678.1234567890	\N	f	t	f	t	t	f
numeric(38,10)	1234567890123456789012345678.1234567890	NaN	\N	t	t	f	f	f	t
numeric(38,10)	1234567890123456789012345678.1234567890	\N	\N	u	u	u	u	u	u
numeric(38,10)	NaN	-1.5	\N	f	f	t	t	f	t
numeric(38,10)	NaN	0	\N	f	f	t	t	f	t
numeric(38,10)	NaN	1234567890123456789012345678.1234567890	\N	f	f	t	t	f	t
numeric(38,10)	NaN	NaN	\N	f	t	f	t	t	f
numeric(38,10)	NaN	\N	\N	u	u	u	u	u	u
numeric(38,10)	\N	-1.5	\N	u	u	u	u	u	u
numeric(38,10)	\N	0	\N	u	u	u	u	u	u
numeric(38,10)	\N	1234567890123456789012345678.1234567890	\N	u	u	u	u	u	u
numeric(38,10)	\N	NaN	\N	u	u	u	u	u	u
numeric(38,10)	\N	\N	\N	u	u	u	u	u	u
numeric	-Infinity	-Infinity	\N	E22P02	E22P02	E22P02	E22P02	E22P02	E22P02
numeric	-Infinity	-1	\N	E22P02	E22P02	E22P02	E22P02	E22P02	E22P02
numeric	-Infinity	0	\N	E22P02	E22P02	E22P02	E22P02	E22P02	E22P02
numeric	-Infinity	1.5	\N	E22P02	E22P02	E22P02	E22P02	E22P02	E22P02
numeric	-Infinity	1.50	\N	E22P02	E22P02	E22P02	E22P02	E22P02	E22P02
numeric	-Infinity	Infinity	\N	E22P02	E22P02	E22P02	E22P02	E22P02	E22P02
numeric	-Infinity	NaN	\N	E22P02	E22P02	E22P02	E22P02	E22P02	E22P02
numeric	-Infinity	\N	\N	E22P02	E22P02	E22P02	E22P02	E22P02	E22P02
numeric	-1	-Infinity	\N	E22P02	E22P02	E22P02	E22P02	E22P02	E22P02
numeric	-1	-1	\N	f	t	f	t	t	f
numeric	-1	0	\N	t	t	f	f	f	t
numeric	-1	1.5	\N	t	t	f	f	f	t
numeric	-1	1.50	\N	t	t	f	f	f	t
numeric	-1	Infinity	\N	E22P02	E22P02	E22P02	E22P02	E22P02	E22P02
numeric	-1	NaN	\N	t	t	f	f	f	t
numeric	-1	\N	\N	u	u	u	u	u	u
numeric	0	-Infinity	\N	E22P02	E22P02	E22P02	E22P02	E22P02	E22P02
numeric	0	-1	\N	f	f	t	t	f	t
numeric	0	0	\N	f	t	f	t	t	f
numeric	0	1.5	\N	t	t	f	f	f	t
numeric	0	1.50	\N	t	t	f	f	f	t
numeric	0	Infinity	\N	E22P02	E22P02	E22P02	E22P02	E22P02	E22P02
numeric	0	NaN	\N	t	t	f	f	f	t
numeric	0	\N	\N	u	u	u	u	u	u
numeric	1.5	-Infinity	\N	E22P02	E22P02	E22P02	E22P02	E22P02	E22P02
numeric	1.5	-1	\N	f	f	t	t	f	t
numeric	1.5	0	\N	f	f	t	t	f	t
numeric	1.5	1.5	\N	f	t	f	t	t	f
numeric	1.5	1.50	\N	f	t	f	t	t	f
numeric	1.5	Infinity	\N	E22P02	E22P02	E22P02	E22P02	E22P02	E22P02
numeric	1.5	NaN	\N	t	t	f	f	f	t
numeric	1.5	\N	\N	u	u	u	u	u	u
numeric	1.50	-Infinity	\N	E22P02	E22P02	E22P02	E22P02	E22P02	E22P02
numeric	1.50	-1	\N	f	f	t	t	f	t
numeric	1.50	0	\N	f	f	t	t	f	t
numeric	1.50	1.5	\N	f	t	f	t	t	f
numeric	1.50	1.50	\N	f	t	f	t	t	f
numeric	1.50	Infinity	\N	E22P02	E22P02	E22P02	E22P02	E22P02	E22P02
numeric	1.50	NaN	\N	t	t	f	f	f	t
numeric	1.50	\N	\N	u	u	u	u	u	u
numeric	Infinity	-Infinity	\N	E22P02	E22P02	E22P02	E22P02	E22P02	E22P02
numeric	Infinity	-1	\N	E22P02	E22P02	E22P02	E22P02	E22P02	E22P02
numeric	Infinity	0	\N	E22P02	E22P02	E22P02	E22P02	E22P02	E22P02
numeric	Infinity	1.5	\N	E22P02	E22P02	E22P02	E22P02	E22P02	E22P02
numeric	Infinity	1.50	\N	E22P02	E22P02	E22P02	E22P02	E22P02	E22P02
numeric	Infinity	Infinity	\N	E22P02	E22P02	E22P02	E22P02	E22P02	E22P02
numeric	Infinity	NaN	\N	E22P02	E22P02	E22P02	E22P02	E22P02	E22P02
numeric	Infinity	\N	\N	E22P02	E22P02	E22P02	E22P02	E22P02	E22P02
numeric	NaN	-Infinity	\N	E22P02	E22P02	E22P02	E22P02	E22P02	E22P02
numeric	NaN	-1	\N	f	f	t	t	f	t
numeric	NaN	0	\N	f	f	t	t	f	t
numeric	NaN	1.5	\N	f	f	t	t	f	t
numeric	NaN	1.50	\N	f	f	t	t	f	t
numeric	NaN	Infinity	\N	E22P02	E22P02	E22P02	E22P02	E22P02	E22P02
numeric	NaN	NaN	\N	f	t	f	t	t	f
numeric	NaN	\N	\N	u	u	u	u	u	u
numeric	\N	-Infinity	\N	E22P02	E22P02	E22P02	E22P02	E22P02	E22P02
numeric	\N	-1	\N	u	u	u	u	u	u
numeric	\N	0	\N	u	u	u	u	u	u
numeric	\N	1.5	\N	u	u	u	u	u	u
numeric	\N	1.50	\N	u	u	u	u	u	u
numeric	\N	Infinity	\N	E22P02	E22P02	E22P02	E22P02	E22P02	E22P02
numeric	\N	NaN	\N	u	u	u	u	u	u
numeric	\N	\N	\N	u	u	u	u	u	u
numeric	abc	-Infinity	\N	E22P02	E22P02	E22P02	E22P02	E22P02	E22P02
numeric	-Infinity	abc	\N	E22P02	E22P02	E22P02	E22P02	E22P02	E22P02
date	-infinity	-infinity	\N	f	t	f	t	t	f
date	-infinity	0001-01-01	\N	t	t	f	f	f	t
date	-infinity	2024-01-01	\N	t	t	f	f	f	t
date	-infinity	9999-12-31	\N	t	t	f	f	f	t
date	-infinity	infinity	\N	t	t	f	f	f	t
date	-infinity	\N	\N	u	u	u	u	u	u
date	0001-01-01	-infinity	\N	f	f	t	t	f	t
date	0001-01-01	0001-01-01	\N	f	t	f	t	t	f
date	0001-01-01	2024-01-01	\N	t	t	f	f	f	t
date	0001-01-01	9999-12-31	\N	t	t	f	f	f	t
date	0001-01-01	infinity	\N	t	t	f	f	f	t
date	0001-01-01	\N	\N	u	u	u	u	u	u
date	2024-01-01	-infinity	\N	f	f	t	t	f	t
date	2024-01-01	0001-01-01	\N	f	f	t	t	f	t
date	2024-01-01	2024-01-01	\N	f	t	f	t	t	f
date	2024-01-01	9999-12-31	\N	t	t	f	f	f	t
date	2024-01-01	infinity	\N	t	t	f	f	f	t
date	2024-01-01	\N	\N	u	u	u	u	u	u
date	9999-12-31	-infinity	\N	f	f	t	t	f	t
date	9999-12-31	0001-01-01	\N	f	f	t	t	f	t
date	9999-12-31	2024-01-01	\N	f	f	t	t	f	t
date	9999-12-31	9999-12-31	\N	f	t	f	t	t	f
date	9999-12-31	infinity	\N	t	t	f	f	f	t
date	9999-12-31	\N	\N	u	u	u	u	u	u
date	infinity	-infinity	\N	f	f	t	t	f	t
date	infinity	0001-01-01	\N	f	f	t	t	f	t
date	infinity	2024-01-01	\N	f	f	t	t	f	t
date	infinity	9999-12-31	\N	f	f	t	t	f	t
date	infinity	infinity	\N	f	t	f	t	t	f
date	infinity	\N	\N	u	u	u	u	u	u
date	\N	-infinity	\N	u	u	u	u	u	u
date	\N	0001-01-01	\N	u	u	u	u	u	u
date	\N	2024-01-01	\N	u	u	u	u	u	u
date	\N	9999-12-31	\N	u	u	u	u	u	u
date	\N	infinity	\N	u	u	u	u	u	u
date	\N	\N	\N	u	u	u	u	u	u
date	2024-13-01	-infinity	\N	E22008	E22008	E22008	E22008	E22008	E22008
date	-infinity	2024-13-01	\N	E22008	E22008	E22008	E22008	E22008	E22008
date	0044-01-01 BC	-infinity	\N	f	f	t	t	f	t
date	-infinity	0044-01-01 BC	\N	t	t	f	f	f	t
date	10000-01-01	-infinity	\N	f	f	t	t	f	t
date	-infinity	10000-01-01	\N	t	t	f	f	f	t
time without time zone	00:00:00	00:00:00	\N	f	t	f	t	t	f
time without time zone	00:00:00	12:34:56.789012	\N	t	t	f	f	f	t
time without time zone	00:00:00	24:00:00	\N	t	t	f	f	f	t
time without time zone	00:00:00	\N	\N	u	u	u	u	u	u
time without time zone	12:34:56.789012	00:00:00	\N	f	f	t	t	f	t
time without time zone	12:34:56.789012	12:34:56.789012	\N	f	t	f	t	t	f
time without time zone	12:34:56.789012	24:00:00	\N	t	t	f	f	f	t
time without time zone	12:34:56.789012	\N	\N	u	u	u	u	u	u
time without time zone	24:00:00	00:00:00	\N	f	f	t	t	f	t
time without time zone	24:00:00	12:34:56.789012	\N	f	f	t	t	f	t
time without time zone	24:00:00	24:00:00	\N	f	t	f	t	t	f
time without time zone	24:00:00	\N	\N	u	u	u	u	u	u
time without time zone	\N	00:00:00	\N	u	u	u	u	u	u
time without time zone	\N	12:34:56.789012	\N	u	u	u	u	u	u
time without time zone	\N	24:00:00	\N	u	u	u	u	u	u
time without time zone	\N	\N	\N	u	u	u	u	u	u
time without time zone	25:00:00	00:00:00	\N	E22008	E22008	E22008	E22008	E22008	E22008
time without time zone	00:00:00	25:00:00	\N	E22008	E22008	E22008	E22008	E22008	E22008
time with time zone	00:00:00+00	00:00:00+00	\N	f	t	f	t	t	f
time with time zone	00:00:00+00	00:00:00-05	\N	t	t	f	f	f	t
time with time zone	00:00:00+00	05:00:00+00	\N	t	t	f	f	f	t
time with time zone	00:00:00+00	24:00:00+00	\N	t	t	f	f	f	t
time with time zone	00:00:00+00	\N	\N	u	u	u	u	u	u
time with time zone	00:00:00-05	00:00:00+00	\N	f	f	t	t	f	t
time with time zone	00:00:00-05	00:00:00-05	\N	f	t	f	t	t	f
time with time zone	00:00:00-05	05:00:00+00	\N	f	f	t	t	f	t
time with time zone	00:00:00-05	24:00:00+00	\N	t	t	f	f	f	t
time with time zone	00:00:00-05	\N	\N	u	u	u	u	u	u
time with time zone	05:00:00+00	00:00:00+00	\N	f	f	t	t	f	t
time with time zone	05:00:00+00	00:00:00-05	\N	t	t	f	f	f	t
time with time zone	05:00:00+00	05:00:00+00	\N	f	t	f	t	t	f
time with time zone	05:00:00+00	24:00:00+00	\N	t	t	f	f	f	t
time with time zone	05:00:00+00	\N	\N	u	u	u	u	u	u
time with time zone	24:00:00+00	00:00:00+00	\N	f	f	t	t	f	t
time with time zone	24:00:00+00	00:00:00-05	\N	f	f	t	t	f	t
time with time zone	24:00:00+00	05:00:00+00	\N	f	f	t	t	f	t
time with time zone	24:00:00+00	24:00:00+00	\N	f	t	f	t	t	f
time with time zone	24:00:00+00	\N	\N	u	u	u	u	u	u
time with time zone	\N	00:00:00+00	\N	u	u	u	u	u	u
time with time zone	\N	00:00:00-05	\N	u	u	u	u	u	u
time with time zone	\N	05:00:00+00	\N	u	u	u	u	u	u
time with time zone	\N	24:00:00+00	\N	u	u	u	u	u	u
time with time zone	\N	\N	\N	u	u	u	u	u	u
timestamp without time zone	-infinity	-infinity	\N	f	t	f	t	t	f
timestamp without time zone	-infinity	0001-01-01 00:00:00	\N	t	t	f	f	f	t
timestamp without time zone	-infinity	2024-01-01 00:00:00	\N	t	t	f	f	f	t
timestamp without time zone	-infinity	2024-01-01 00:00:00.123456	\N	t	t	f	f	f	t
timestamp without time zone	-infinity	infinity	\N	t	t	f	f	f	t
timestamp without time zone	-infinity	\N	\N	u	u	u	u	u	u
timestamp without time zone	0001-01-01 00:00:00	-infinity	\N	f	f	t	t	f	t
timestamp without time zone	0001-01-01 00:00:00	0001-01-01 00:00:00	\N	f	t	f	t	t	f
timestamp without time zone	0001-01-01 00:00:00	2024-01-01 00:00:00	\N	t	t	f	f	f	t
timestamp without time zone	0001-01-01 00:00:00	2024-01-01 00:00:00.123456	\N	t	t	f	f	f	t
timestamp without time zone	0001-01-01 00:00:00	infinity	\N	t	t	f	f	f	t
timestamp without time zone	0001-01-01 00:00:00	\N	\N	u	u	u	u	u	u
timestamp without time zone	2024-01-01 00:00:00	-infinity	\N	f	f	t	t	f	t
timestamp without time zone	2024-01-01 00:00:00	0001-01-01 00:00:00	\N	f	f	t	t	f	t
timestamp without time zone	2024-01-01 00:00:00	2024-01-01 00:00:00	\N	f	t	f	t	t	f
timestamp without time zone	2024-01-01 00:00:00	2024-01-01 00:00:00.123456	\N	t	t	f	f	f	t
timestamp without time zone	2024-01-01 00:00:00	infinity	\N	t	t	f	f	f	t
timestamp without time zone	2024-01-01 00:00:00	\N	\N	u	u	u	u	u	u
timestamp without time zone	2024-01-01 00:00:00.123456	-infinity	\N	f	f	t	t	f	t
timestamp without time zone	2024-01-01 00:00:00.123456	0001-01-01 00:00:00	\N	f	f	t	t	f	t
timestamp without time zone	2024-01-01 00:00:00.123456	2024-01-01 00:00:00	\N	f	f	t	t	f	t
timestamp without time zone	2024-01-01 00:00:00.123456	2024-01-01 00:00:00.123456	\N	f	t	f	t	t	f
timestamp without time zone	2024-01-01 00:00:00.123456	infinity	\N	t	t	f	f	f	t
timestamp without time zone	2024-01-01 00:00:00.123456	\N	\N	u	u	u	u	u	u
timestamp without time zone	infinity	-infinity	\N	f	f	t	t	f	t
timestamp without time zone	infinity	0001-01-01 00:00:00	\N	f	f	t	t	f	t
timestamp without time zone	infinity	2024-01-01 00:00:00	\N	f	f	t	t	f	t
timestamp without time zone	infinity	2024-01-01 00:00:00.123456	\N	f	f	t	t	f	t
timestamp without time zone	infinity	infinity	\N	f	t	f	t	t	f
timestamp without time zone	infinity	\N	\N	u	u	u	u	u	u
timestamp without time zone	\N	-infinity	\N	u	u	u	u	u	u
timestamp without time zone	\N	0001-01-01 00:00:00	\N	u	u	u	u	u	u
timestamp without time zone	\N	2024-01-01 00:00:00	\N	u	u	u	u	u	u
timestamp without time zone	\N	2024-01-01 00:00:00.123456	\N	u	u	u	u	u	u
timestamp without time zone	\N	infinity	\N	u	u	u	u	u	u
timestamp without time zone	\N	\N	\N	u	u	u	u	u	u
timestamp without time zone	294277-01-01 00:00:00	-infinity	\N	E22008	E22008	E22008	E22008	E22008	E22008
timestamp without time zone	-infinity	294277-01-01 00:00:00	\N	E22008	E22008	E22008	E22008	E22008	E22008
timestamp with time zone	-infinity	-infinity	\N	f	t	f	t	t	f
timestamp with time zone	-infinity	2024-01-01 00:00:00+00	\N	t	t	f	f	f	t
timestamp with time zone	-infinity	2024-01-01 05:30:00+05:30	\N	t	t	f	f	f	t
timestamp with time zone	-infinity	infinity	\N	t	t	f	f	f	t
timestamp with time zone	-infinity	\N	\N	u	u	u	u	u	u
timestamp with time zone	2024-01-01 00:00:00+00	-infinity	\N	f	f	t	t	f	t
timestamp with time zone	2024-01-01 00:00:00+00	2024-01-01 00:00:00+00	\N	f	t	f	t	t	f
timestamp with time zone	2024-01-01 00:00:00+00	2024-01-01 05:30:00+05:30	\N	f	t	f	t	t	f
timestamp with time zone	2024-01-01 00:00:00+00	infinity	\N	t	t	f	f	f	t
timestamp with time zone	2024-01-01 00:00:00+00	\N	\N	u	u	u	u	u	u
timestamp with time zone	2024-01-01 05:30:00+05:30	-infinity	\N	f	f	t	t	f	t
timestamp with time zone	2024-01-01 05:30:00+05:30	2024-01-01 00:00:00+00	\N	f	t	f	t	t	f
timestamp with time zone	2024-01-01 05:30:00+05:30	2024-01-01 05:30:00+05:30	\N	f	t	f	t	t	f
timestamp with time zone	2024-01-01 05:30:00+05:30	infinity	\N	t	t	f	f	f	t
timestamp with time zone	2024-01-01 05:30:00+05:30	\N	\N	u	u	u	u	u	u
timestamp with time zone	infinity	-infinity	\N	f	f	t	t	f	t
timestamp with time zone	infinity	2024-01-01 00:00:00+00	\N	f	f	t	t	f	t
timestamp with time zone	infinity	2024-01-01 05:30:00+05:30	\N	f	f	t	t	f	t
timestamp with time zone	infinity	infinity	\N	f	t	f	t	t	f
timestamp with time zone	infinity	\N	\N	u	u	u	u	u	u
timestamp with time zone	\N	-infinity	\N	u	u	u	u	u	u
timestamp with time zone	\N	2024-01-01 00:00:00+00	\N	u	u	u	u	u	u
timestamp with time zone	\N	2024-01-01 05:30:00+05:30	\N	u	u	u	u	u	u
timestamp with time zone	\N	infinity	\N	u	u	u	u	u	u
timestamp with time zone	\N	\N	\N	u	u	u	u	u	u
interval	-infinity	-infinity	\N	E22007	E22007	E22007	E22007	E22007	E22007
interval	-infinity	-1 day	\N	E22007	E22007	E22007	E22007	E22007	E22007
interval	-infinity	00:00:00	\N	E22007	E22007	E22007	E22007	E22007	E22007
interval	-infinity	1 mon	\N	E22007	E22007	E22007	E22007	E22007	E22007
interval	-infinity	30 days	\N	E22007	E22007	E22007	E22007	E22007	E22007
interval	-infinity	720:00:00	\N	E22007	E22007	E22007	E22007	E22007	E22007
interval	-infinity	infinity	\N	E22007	E22007	E22007	E22007	E22007	E22007
interval	-infinity	\N	\N	E22007	E22007	E22007	E22007	E22007	E22007
interval	-1 day	-infinity	\N	E22007	E22007	E22007	E22007	E22007	E22007
interval	-1 day	-1 day	\N	f	t	f	t	t	f
interval	-1 day	00:00:00	\N	t	t	f	f	f	t
interval	-1 day	1 mon	\N	t	t	f	f	f	t
interval	-1 day	30 days	\N	t	t	f	f	f	t
interval	-1 day	720:00:00	\N	t	t	f	f	f	t
interval	-1 day	infinity	\N	E22007	E22007	E22007	E22007	E22007	E22007
interval	-1 day	\N	\N	u	u	u	u	u	u
interval	00:00:00	-infinity	\N	E22007	E22007	E22007	E22007	E22007	E22007
interval	00:00:00	-1 day	\N	f	f	t	t	f	t
interval	00:00:00	00:00:00	\N	f	t	f	t	t	f
interval	00:00:00	1 mon	\N	t	t	f	f	f	t
interval	00:00:00	30 days	\N	t	t	f	f	f	t
interval	00:00:00	720:00:00	\N	t	t	f	f	f	t
interval	00:00:00	infinity	\N	E22007	E22007	E22007	E22007	E22007	E22007
interval	00:00:00	\N	\N	u	u	u	u	u	u
interval	1 mon	-infinity	\N	E22007	E22007	E22007	E22007	E22007	E22007
interval	1 mon	-1 day	\N	f	f	t	t	f	t
interval	1 mon	00:00:00	\N	f	f	t	t	f	t
interval	1 mon	1 mon	\N	f	t	f	t	t	f
interval	1 mon	30 days	\N	f	t	f	t	t	f
interval	1 mon	720:00:00	\N	f	t	f	t	t	f
interval	1 mon	infinity	\N	E22007	E22007	E22007	E22007	E22007	E22007
interval	1 mon	\N	\N	u	u	u	u	u	u
interval	30 days	-infinity	\N	E22007	E22007	E22007	E22007	E22007	E22007
interval	30 days	-1 day	\N	f	f	t	t	f	t
interval	30 days	00:00:00	\N	f	f	t	t	f	t
interval	30 days	1 mon	\N	f	t	f	t	t	f
interval	30 days	30 days	\N	f	t	f	t	t	f
interval	30 days	720:00:00	\N	f	t	f	t	t	f
interval	30 days	infinity	\N	E22007	E22007	E22007	E22007	E22007	E22007
interval	30 days	\N	\N	u	u	u	u	u	u
interval	720:00:00	-infinity	\N	E22007	E22007	E22007	E22007	E22007	E22007
interval	720:00:00	-1 day	\N	f	f	t	t	f	t
interval	720:00:00	00:00:00	\N	f	f	t	t	f	t
interval	720:00:00	1 mon	\N	f	t	f	t	t	f
interval	720:00:00	30 days	\N	f	t	f	t	t	f
interval	720:00:00	720:00:00	\N	f	t	f	t	t	f
interval	720:00:00	infinity	\N	E22007	E22007	E22007	E22007	E22007	E22007
interval	720:00:00	\N	\N	u	u	u	u	u	u
interval	infinity	-infinity	\N	E22007	E22007	E22007	E22007	E22007	E22007
interval	infinity	-1 day	\N	E22007	E22007	E22007	E22007	E22007	E22007
interval	infinity	00:00:00	\N	E22007	E22007	E22007	E22007	E22007	E22007
interval	infinity	1 mon	\N	E22007	E22007	E22007	E22007	E22007	E22007
interval	infinity	30 days	\N	E22007	E22007	E22007	E22007	E22007	E22007
interval	infinity	720:00:00	\N	E22007	E22007	E22007	E22007	E22007	E22007
interval	infinity	infinity	\N	E22007	E22007	E22007	E22007	E22007	E22007
interval	infinity	\N	\N	E22007	E22007	E22007	E22007	E22007	E22007
interval	\N	-infinity	\N	E22007	E22007	E22007	E22007	E22007	E22007
interval	\N	-1 day	\N	u	u	u	u	u	u
interval	\N	00:00:00	\N	u	u	u	u	u	u
interval	\N	1 mon	\N	u	u	u	u	u	u
interval	\N	30 days	\N	u	u	u	u	u	u
interval	\N	720:00:00	\N	u	u	u	u	u	u
interval	\N	infinity	\N	E22007	E22007	E22007	E22007	E22007	E22007
interval	\N	\N	\N	u	u	u	u	u	u
interval	1.5 hours	-infinity	\N	E22007	E22007	E22007	E22007	E22007	E22007
interval	-infinity	1.5 hours	\N	E22007	E22007	E22007	E22007	E22007	E22007
interval	P1Y2M	-infinity	\N	E22007	E22007	E22007	E22007	E22007	E22007
interval	-infinity	P1Y2M	\N	E22007	E22007	E22007	E22007	E22007	E22007
interval	1 century	-infinity	\N	E22007	E22007	E22007	E22007	E22007	E22007
interval	-infinity	1 century	\N	E22007	E22007	E22007	E22007	E22007	E22007
uuid	00000000-0000-0000-0000-000000000000	00000000-0000-0000-0000-000000000000	\N	f	t	f	t	t	f
uuid	00000000-0000-0000-0000-000000000000	a0eebc99-9c0b-4ef8-bb6d-6bb9bd380a11	\N	t	t	f	f	f	t
uuid	00000000-0000-0000-0000-000000000000	A0EEBC99-9C0B-4EF8-BB6D-6BB9BD380A11	\N	t	t	f	f	f	t
uuid	00000000-0000-0000-0000-000000000000	\N	\N	u	u	u	u	u	u
uuid	a0eebc99-9c0b-4ef8-bb6d-6bb9bd380a11	00000000-0000-0000-0000-000000000000	\N	f	f	t	t	f	t
uuid	a0eebc99-9c0b-4ef8-bb6d-6bb9bd380a11	a0eebc99-9c0b-4ef8-bb6d-6bb9bd380a11	\N	f	t	f	t	t	f
uuid	a0eebc99-9c0b-4ef8-bb6d-6bb9bd380a11	A0EEBC99-9C0B-4EF8-BB6D-6BB9BD380A11	\N	f	t	f	t	t	f
uuid	a0eebc99-9c0b-4ef8-bb6d-6bb9bd380a11	\N	\N	u	u	u	u	u	u
uuid	A0EEBC99-9C0B-4EF8-BB6D-6BB9BD380A11	00000000-0000-0000-0000-000000000000	\N	f	f	t	t	f	t
uuid	A0EEBC99-9C0B-4EF8-BB6D-6BB9BD380A11	a0eebc99-9c0b-4ef8-bb6d-6bb9bd380a11	\N	f	t	f	t	t	f
uuid	A0EEBC99-9C0B-4EF8-BB6D-6BB9BD380A11	A0EEBC99-9C0B-4EF8-BB6D-6BB9BD380A11	\N	f	t	f	t	t	f
uuid	A0EEBC99-9C0B-4EF8-BB6D-6BB9BD380A11	\N	\N	u	u	u	u	u	u
uuid	\N	00000000-0000-0000-0000-000000000000	\N	u	u	u	u	u	u
uuid	\N	a0eebc99-9c0b-4ef8-bb6d-6bb9bd380a11	\N	u	u	u	u	u	u
uuid	\N	A0EEBC99-9C0B-4EF8-BB6D-6BB9BD380A11	\N	u	u	u	u	u	u
uuid	\N	\N	\N	u	u	u	u	u	u
uuid	not-a-uuid	00000000-0000-0000-0000-000000000000	\N	E22P02	E22P02	E22P02	E22P02	E22P02	E22P02
uuid	00000000-0000-0000-0000-000000000000	not-a-uuid	\N	E22P02	E22P02	E22P02	E22P02	E22P02	E22P02
uuid	{a0eebc99-9c0b-4ef8-bb6d-6bb9bd380a11}	00000000-0000-0000-0000-000000000000	\N	f	f	t	t	f	t
uuid	00000000-0000-0000-0000-000000000000	{a0eebc99-9c0b-4ef8-bb6d-6bb9bd380a11}	\N	t	t	f	f	f	t
bytea	\\x	\\x	\N	f	t	f	t	t	f
bytea	\\x	\\x00	\N	t	t	f	f	f	t
bytea	\\x	\\xdeadbeef	\N	t	t	f	f	f	t
bytea	\\x	\\xff	\N	t	t	f	f	f	t
bytea	\\x	\N	\N	u	u	u	u	u	u
bytea	\\x00	\\x	\N	f	f	t	t	f	t
bytea	\\x00	\\x00	\N	f	t	f	t	t	f
bytea	\\x00	\\xdeadbeef	\N	t	t	f	f	f	t
bytea	\\x00	\\xff	\N	t	t	f	f	f	t
bytea	\\x00	\N	\N	u	u	u	u	u	u
bytea	\\xdeadbeef	\\x	\N	f	f	t	t	f	t
bytea	\\xdeadbeef	\\x00	\N	f	f	t	t	f	t
bytea	\\xdeadbeef	\\xdeadbeef	\N	f	t	f	t	t	f
bytea	\\xdeadbeef	\\xff	\N	t	t	f	f	f	t
bytea	\\xdeadbeef	\N	\N	u	u	u	u	u	u
bytea	\\xff	\\x	\N	f	f	t	t	f	t
bytea	\\xff	\\x00	\N	f	f	t	t	f	t
bytea	\\xff	\\xdeadbeef	\N	f	f	t	t	f	t
bytea	\\xff	\\xff	\N	f	t	f	t	t	f
bytea	\\xff	\N	\N	u	u	u	u	u	u
bytea	\N	\\x	\N	u	u	u	u	u	u
bytea	\N	\\x00	\N	u	u	u	u	u	u
bytea	\N	\\xdeadbeef	\N	u	u	u	u	u	u
bytea	\N	\\xff	\N	u	u	u	u	u	u
bytea	\N	\N	\N	u	u	u	u	u	u
bytea	\\xgg	\\x	\N	E22023	E22023	E22023	E22023	E22023	E22023
bytea	\\x	\\xgg	\N	E22023	E22023	E22023	E22023	E22023	E22023
bytea	abc	\\x	\N	f	f	t	t	f	t
bytea	\\x	abc	\N	t	t	f	f	f	t
text			C	f	t	f	t	t	f
text		1	C	t	t	f	f	f	t
text		A	C	t	t	f	f	f	t
text		a	C	t	t	f	f	f	t
text		B	C	t	t	f	f	f	t
text		e	C	t	t	f	f	f	t
text		é	C	t	t	f	f	f	t
text		f	C	t	t	f	f	f	t
text		_x	C	t	t	f	f	f	t
text		ax	C	t	t	f	f	f	t
text		co-op	C	t	t	f	f	f	t
text		coop	C	t	t	f	f	f	t
text		de luge	C	t	t	f	f	f	t
text		deluge	C	t	t	f	f	f	t
text		hello	C	t	t	f	f	f	t
text		\N	C	u	u	u	u	u	u
text	1		C	f	f	t	t	f	t
text	1	1	C	f	t	f	t	t	f
text	1	A	C	t	t	f	f	f	t
text	1	a	C	t	t	f	f	f	t
text	1	B	C	t	t	f	f	f	t
text	1	e	C	t	t	f	f	f	t
text	1	é	C	t	t	f	f	f	t
text	1	f	C	t	t	f	f	f	t
text	1	_x	C	t	t	f	f	f	t
text	1	ax	C	t	t	f	f	f	t
text	1	co-op	C	t	t	f	f	f	t
text	1	coop	C	t	t	f	f	f	t
text	1	de luge	C	t	t	f	f	f	t
text	1	deluge	C	t	t	f	f	f	t
text	1	hello	C	t	t	f	f	f	t
text	1	\N	C	u	u	u	u	u	u
text	A		C	f	f	t	t	f	t
text	A	1	C	f	f	t	t	f	t
text	A	A	C	f	t	f	t	t	f
text	A	a	C	t	t	f	f	f	t
text	A	B	C	t	t	f	f	f	t
text	A	e	C	t	t	f	f	f	t
text	A	é	C	t	t	f	f	f	t
text	A	f	C	t	t	f	f	f	t
text	A	_x	C	t	t	f	f	f	t
text	A	ax	C	t	t	f	f	f	t
text	A	co-op	C	t	t	f	f	f	t
text	A	coop	C	t	t	f	f	f	t
text	A	de luge	C	t	t	f	f	f	t
text	A	deluge	C	t	t	f	f	f	t
text	A	hello	C	t	t	f	f	f	t
text	A	\N	C	u	u	u	u	u	u
text	a		C	f	f	t	t	f	t
text	a	1	C	f	f	t	t	f	t
text	a	A	C	f	f	t	t	f	t
text	a	a	C	f	t	f	t	t	f
text	a	B	C	f	f	t	t	f	t
text	a	e	C	t	t	f	f	f	t
text	a	é	C	t	t	f	f	f	t
text	a	f	C	t	t	f	f	f	t
text	a	_x	C	f	f	t	t	f	t
text	a	ax	C	t	t	f	f	f	t
text	a	co-op	C	t	t	f	f	f	t
text	a	coop	C	t	t	f	f	f	t
text	a	de luge	C	t	t	f	f	f	t
text	a	deluge	C	t	t	f	f	f	t
text	a	hello	C	t	t	f	f	f	t
text	a	\N	C	u	u	u	u	u	u
text	B		C	f	f	t	t	f	t
text	B	1	C	f	f	t	t	f	t
text	B	A	C	f	f	t	t	f	t
text	B	a	C	t	t	f	f	f	t
text	B	B	C	f	t	f	t	t	f
text	B	e	C	t	t	f	f	f	t
text	B	é	C	t	t	f	f	f	t
text	B	f	C	t	t	f	f	f	t
text	B	_x	C	t	t	f	f	f	t
text	B	ax	C	t	t	f	f	f	t
text	B	co-op	C	t	t	f	f	f	t
text	B	coop	C	t	t	f	f	f	t
text	B	de luge	C	t	t	f	f	f	t
text	B	deluge	C	t	t	f	f	f	t
text	B	hello	C	t	t	f	f	f	t
text	B	\N	C	u	u	u	u	u	u
text	e		C	f	f	t	t	f	t
text	e	1	C	f	f	t	t	f	t
text	e	A	C	f	f	t	t	f	t
text	e	a	C	f	f	t	t	f	t
text	e	B	C	f	f	t	t	f	t
text	e	e	C	f	t	f	t	t	f
text	e	é	C	t	t	f	f	f	t
text	e	f	C	t	t	f	f	f	t
text	e	_x	C	f	f	t	t	f	t
text	e	ax	C	f	f	t	t	f	t
text	e	co-op	C	f	f	t	t	f	t
text	e	coop	C	f	f	t	t	f	t
text	e	de luge	C	f	f	t	t	f	t
text	e	deluge	C	f	f	t	t	f	t
text	e	hello	C	t	t	f	f	f	t
text	e	\N	C	u	u	u	u	u	u
text	é		C	f	f	t	t	f	t
text	é	1	C	f	f	t	t	f	t
text	é	A	C	f	f	t	t	f	t
text	é	a	C	f	f	t	t	f	t
text	é	B	C	f	f	t	t	f	t
text	é	e	C	f	f	t	t	f	t
text	é	é	C	f	t	f	t	t	f
text	é	f	C	f	f	t	t	f	t
text	é	_x	C	f	f	t	t	f	t
text	é	ax	C	f	f	t	t	f	t
text	é	co-op	C	f	f	t	t	f	t
text	é	coop	C	f	f	t	t	f	t
text	é	de luge	C	f	f	t	t	f	t
text	é	deluge	C	f	f	t	t	f	t
text	é	hello	C	f	f	t	t	f	t
text	é	\N	C	u	u	u	u	u	u
text	f		C	f	f	t	t	f	t
text	f	1	C	f	f	t	t	f	t
text	f	A	C	f	f	t	t	f	t
text	f	a	C	f	f	t	t	f	t
text	f	B	C	f	f	t	t	f	t
text	f	e	C	f	f	t	t	f	t
text	f	é	C	t	t	f	f	f	t
text	f	f	C	f	t	f	t	t	f
text	f	_x	C	f	f	t	t	f	t
text	f	ax	C	f	f	t	t	f	t
text	f	co-op	C	f	f	t	t	f	t
text	f	coop	C	f	f	t	t	f	t
text	f	de luge	C	f	f	t	t	f	t
text	f	deluge	C	f	f	t	t	f	t
text	f	hello	C	t	t	f	f	f	t
text	f	\N	C	u	u	u	u	u	u
text	_x		C	f	f	t	t	f	t
text	_x	1	C	f	f	t	t	f	t
text	_x	A	C	f	f	t	t	f	t
text	_x	a	C	t	t	f	f	f	t
text	_x	B	C	f	f	t	t	f	t
text	_x	e	C	t	t	f	f	f	t
text	_x	é	C	t	t	f	f	f	t
text	_x	f	C	t	t	f	f	f	t
text	_x	_x	C	f	t	f	t	t	f
text	_x	ax	C	t	t	f	f	f	t
text	_x	co-op	C	t	t	f	f	f	t
text	_x	coop	C	t	t	f	f	f	t
text	_x	de luge	C	t	t	f	f	f	t
text	_x	deluge	C	t	t	f	f	f	t
text	_x	hello	C	t	t	f	f	f	t
text	_x	\N	C	u	u	u	u	u	u
text	ax		C	f	f	t	t	f	t
text	ax	1	C	f	f	t	t	f	t
text	ax	A	C	f	f	t	t	f	t
text	ax	a	C	f	f	t	t	f	t
text	ax	B	C	f	f	t	t	f	t
text	ax	e	C	t	t	f	f	f	t
text	ax	é	C	t	t	f	f	f	t
text	ax	f	C	t	t	f	f	f	t
text	ax	_x	C	f	f	t	t	f	t
text	ax	ax	C	f	t	f	t	t	f
text	ax	co-op	C	t	t	f	f	f	t
text	ax	coop	C	t	t	f	f	f	t
text	ax	de luge	C	t	t	f	f	f	t
text	ax	deluge	C	t	t	f	f	f	t
text	ax	hello	C	t	t	f	f	f	t
text	ax	\N	C	u	u	u	u	u	u
text	co-op		C	f	f	t	t	f	t
text	co-op	1	C	f	f	t	t	f	t
text	co-op	A	C	f	f	t	t	f	t
text	co-op	a	C	f	f	t	t	f	t
text	co-op	B	C	f	f	t	t	f	t
text	co-op	e	C	t	t	f	f	f	t
text	co-op	é	C	t	t	f	f	f	t
text	co-op	f	C	t	t	f	f	f	t
text	co-op	_x	C	f	f	t	t	f	t
text	co-op	ax	C	f	f	t	t	f	t
text	co-op	co-op	C	f	t	f	t	t	f
text	co-op	coop	C	t	t	f	f	f	t
text	co-op	de luge	C	t	t	f	f	f	t
text	co-op	deluge	C	t	t	f	f	f	t
text	co-op	hello	C	t	t	f	f	f	t
text	co-op	\N	C	u	u	u	u	u	u
text	coop		C	f	f	t	t	f	t
text	coop	1	C	f	f	t	t	f	t
text	coop	A	C	f	f	t	t	f	t
text	coop	a	C	f	f	t	t	f	t
text	coop	B	C	f	f	t	t	f	t
text	coop	e	C	t	t	f	f	f	t
text	coop	é	C	t	t	f	f	f	t
text	coop	f	C	t	t	f	f	f	t
text	coop	_x	C	f	f	t	t	f	t
text	coop	ax	C	f	f	t	t	f	t
text	coop	co-op	C	f	f	t	t	f	t
text	coop	coop	C	f	t	f	t	t	f
text	coop	de luge	C	t	t	f	f	f	t
text	coop	deluge	C	t	t	f	f	f	t
text	coop	hello	C	t	t	f	f	f	t
text	coop	\N	C	u	u	u	u	u	u
text	de luge		C	f	f	t	t	f	t
text	de luge	1	C	f	f	t	t	f	t
text	de luge	A	C	f	f	t	t	f	t
text	de luge	a	C	f	f	t	t	f	t
text	de luge	B	C	f	f	t	t	f	t
text	de luge	e	C	t	t	f	f	f	t
text	de luge	é	C	t	t	f	f	f	t
text	de luge	f	C	t	t	f	f	f	t
text	de luge	_x	C	f	f	t	t	f	t
text	de luge	ax	C	f	f	t	t	f	t
text	de luge	co-op	C	f	f	t	t	f	t
text	de luge	coop	C	f	f	t	t	f	t
text	de luge	de luge	C	f	t	f	t	t	f
text	de luge	deluge	C	t	t	f	f	f	t
text	de luge	hello	C	t	t	f	f	f	t
text	de luge	\N	C	u	u	u	u	u	u
text	deluge		C	f	f	t	t	f	t
text	deluge	1	C	f	f	t	t	f	t
text	deluge	A	C	f	f	t	t	f	t
text	deluge	a	C	f	f	t	t	f	t
text	deluge	B	C	f	f	t	t	f	t
text	deluge	e	C	t	t	f	f	f	t
text	deluge	é	C	t	t	f	f	f	t
text	deluge	f	C	t	t	f	f	f	t
text	deluge	_x	C	f	f	t	t	f	t
text	deluge	ax	C	f	f	t	t	f	t
text	deluge	co-op	C	f	f	t	t	f	t
text	deluge	coop	C	f	f	t	t	f	t
text	deluge	de luge	C	f	f	t	t	f	t
text	deluge	deluge	C	f	t	f	t	t	f
text	deluge	hello	C	t	t	f	f	f	t
text	deluge	\N	C	u	u	u	u	u	u
text	hello		C	f	f	t	t	f	t
text	hello	1	C	f	f	t	t	f	t
text	hello	A	C	f	f	t	t	f	t
text	hello	a	C	f	f	t	t	f	t
text	hello	B	C	f	f	t	t	f	t
text	hello	e	C	f	f	t	t	f	t
text	hello	é	C	t	t	f	f	f	t
text	hello	f	C	f	f	t	t	f	t
text	hello	_x	C	f	f	t	t	f	t
text	hello	ax	C	f	f	t	t	f	t
text	hello	co-op	C	f	f	t	t	f	t
text	hello	coop	C	f	f	t	t	f	t
text	hello	de luge	C	f	f	t	t	f	t
text	hello	deluge	C	f	f	t	t	f	t
text	hello	hello	C	f	t	f	t	t	f
text	hello	\N	C	u	u	u	u	u	u
text	\N		C	u	u	u	u	u	u
text	\N	1	C	u	u	u	u	u	u
text	\N	A	C	u	u	u	u	u	u
text	\N	a	C	u	u	u	u	u	u
text	\N	B	C	u	u	u	u	u	u
text	\N	e	C	u	u	u	u	u	u
text	\N	é	C	u	u	u	u	u	u
text	\N	f	C	u	u	u	u	u	u
text	\N	_x	C	u	u	u	u	u	u
text	\N	ax	C	u	u	u	u	u	u
text	\N	co-op	C	u	u	u	u	u	u
text	\N	coop	C	u	u	u	u	u	u
text	\N	de luge	C	u	u	u	u	u	u
text	\N	deluge	C	u	u	u	u	u	u
text	\N	hello	C	u	u	u	u	u	u
text	\N	\N	C	u	u	u	u	u	u
text			default	f	t	f	t	t	f
text		1	default	t	t	f	f	f	t
text		A	default	t	t	f	f	f	t
text		a	default	t	t	f	f	f	t
text		B	default	t	t	f	f	f	t
text		e	default	t	t	f	f	f	t
text		é	default	t	t	f	f	f	t
text		f	default	t	t	f	f	f	t
text		_x	default	t	t	f	f	f	t
text		ax	default	t	t	f	f	f	t
text		co-op	default	t	t	f	f	f	t
text		coop	default	t	t	f	f	f	t
text		de luge	default	t	t	f	f	f	t
text		deluge	default	t	t	f	f	f	t
text		hello	default	t	t	f	f	f	t
text		\N	default	u	u	u	u	u	u
text	1		default	f	f	t	t	f	t
text	1	1	default	f	t	f	t	t	f
text	1	A	default	t	t	f	f	f	t
text	1	a	default	t	t	f	f	f	t
text	1	B	default	t	t	f	f	f	t
text	1	e	default	t	t	f	f	f	t
text	1	é	default	t	t	f	f	f	t
text	1	f	default	t	t	f	f	f	t
text	1	_x	default	t	t	f	f	f	t
text	1	ax	default	t	t	f	f	f	t
text	1	co-op	default	t	t	f	f	f	t
text	1	coop	default	t	t	f	f	f	t
text	1	de luge	default	t	t	f	f	f	t
text	1	deluge	default	t	t	f	f	f	t
text	1	hello	default	t	t	f	f	f	t
text	1	\N	default	u	u	u	u	u	u
text	A		default	f	f	t	t	f	t
text	A	1	default	f	f	t	t	f	t
text	A	A	default	f	t	f	t	t	f
text	A	a	default	f	f	t	t	f	t
text	A	B	default	t	t	f	f	f	t
text	A	e	default	t	t	f	f	f	t
text	A	é	default	t	t	f	f	f	t
text	A	f	default	t	t	f	f	f	t
text	A	_x	default	t	t	f	f	f	t
text	A	ax	default	t	t	f	f	f	t
text	A	co-op	default	t	t	f	f	f	t
text	A	coop	default	t	t	f	f	f	t
text	A	de luge	default	t	t	f	f	f	t
text	A	deluge	default	t	t	f	f	f	t
text	A	hello	default	t	t	f	f	f	t
text	A	\N	default	u	u	u	u	u	u
text	a		default	f	f	t	t	f	t
text	a	1	default	f	f	t	t	f	t
text	a	A	default	t	t	f	f	f	t
text	a	a	default	f	t	f	t	t	f
text	a	B	default	t	t	f	f	f	t
text	a	e	default	t	t	f	f	f	t
text	a	é	default	t	t	f	f	f	t
text	a	f	default	t	t	f	f	f	t
text	a	_x	default	t	t	f	f	f	t
text	a	ax	default	t	t	f	f	f	t
text	a	co-op	default	t	t	f	f	f	t
text	a	coop	default	t	t	f	f	f	t
text	a	de luge	default	t	t	f	f	f	t
text	a	deluge	default	t	t	f	f	f	t
text	a	hello	default	t	t	f	f	f	t
text	a	\N	default	u	u	u	u	u	u
text	B		default	f	f	t	t	f	t
text	B	1	default	f	f	t	t	f	t
text	B	A	default	f	f	t	t	f	t
text	B	a	default	f	f	t	t	f	t
text	B	B	default	f	t	f	t	t	f
text	B	e	default	t	t	f	f	f	t
text	B	é	default	t	t	f	f	f	t
text	B	f	default	t	t	f	f	f	t
text	B	_x	default	t	t	f	f	f	t
text	B	ax	default	f	f	t	t	f	t
text	B	co-op	default	t	t	f	f	f	t
text	B	coop	default	t	t	f	f	f	t
text	B	de luge	default	t	t	f	f	f	t
text	B	deluge	default	t	t	f	f	f	t
text	B	hello	default	t	t	f	f	f	t
text	B	\N	default	u	u	u	u	u	u
text	e		default	f	f	t	t	f	t
text	e	1	default	f	f	t	t	f	t
text	e	A	default	f	f	t	t	f	t
text	e	a	default	f	f	t	t	f	t
text	e	B	default	f	f	t	t	f	t
text	e	e	default	f	t	f	t	t	f
text	e	é	default	t	t	f	f	f	t
text	e	f	default	t	t	f	f	f	t
text	e	_x	default	t	t	f	f	f	t
text	e	ax	default	f	f	t	t	f	t
text	e	co-op	default	f	f	t	t	f	t
text	e	coop	default	f	f	t	t	f	t
text	e	de luge	default	f	f	t	t	f	t
text	e	deluge	default	f	f	t	t	f	t
text	e	hello	default	t	t	f	f	f	t
text	e	\N	default	u	u	u	u	u	u
text	é		default	f	f	t	t	f	t
text	é	1	default	f	f	t	t	f	t
text	é	A	default	f	f	t	t	f	t
text	é	a	default	f	f	t	t	f	t
text	é	B	default	f	f	t	t	f	t
text	é	e	default	f	f	t	t	f	t
text	é	é	default	f	t	f	t	t	f
text	é	f	default	t	t	f	f	f	t
text	é	_x	default	t	t	f	f	f	t
text	é	ax	default	f	f	t	t	f	t
text	é	co-op	default	f	f	t	t	f	t
text	é	coop	default	f	f	t	t	f	t
text	é	de luge	default	f	f	t	t	f	t
text	é	deluge	default	f	f	t	t	f	t
text	é	hello	default	t	t	f	f	f	t
text	é	\N	default	u	u	u	u	u	u
text	f		default	f	f	t	t	f	t
text	f	1	default	f	f	t	t	f	t
text	f	A	default	f	f	t	t	f	t
text	f	a	default	f	f	t	t	f	t
text	f	B	default	f	f	t	t	f	t
text	f	e	default	f	f	t	t	f	t
text	f	é	default	f	f	t	t	f	t
text	f	f	default	f	t	f	t	t	f
text	f	_x	default	t	t	f	f	f	t
text	f	ax	default	f	f	t	t	f	t
text	f	co-op	default	f	f	t	t	f	t
text	f	coop	default	f	f	t	t	f	t
text	f	de luge	default	f	f	t	t	f	t
text	f	deluge	default	f	f	t	t	f	t
text	f	hello	default	t	t	f	f	f	t
text	f	\N	default	u	u	u	u	u	u
text	_x		default	f	f	t	t	f	t
text	_x	1	default	f	f	t	t	f	t
text	_x	A	default	f	f	t	t	f	t
text	_x	a	default	f	f	t	t	f	t
text	_x	B	default	f	f	t	t	f	t
text	_x	e	default	f	f	t	t	f	t
text	_x	é	default	f	f	t	t	f	t
text	_x	f	default	f	f	t	t	f	t
text	_x	_x	default	f	t	f	t	t	f
text	_x	ax	default	f	f	t	t	f	t
text	_x	co-op	default	f	f	t	t	f	t
text	_x	coop	default	f	f	t	t	f	t
text	_x	de luge	default	f	f	t	t	f	t
text	_x	deluge	default	f	f	t	t	f	t
text	_x	hello	default	f	f	t	t	f	t
text	_x	\N	default	u	u	u	u	u	u
text	ax		default	f	f	t	t	f	t
text	ax	1	default	f	f	t	t	f	t
text	ax	A	default	f	f	t	t	f	t
text	ax	a	default	f	f	t	t	f	t
text	ax	B	default	t	t	f	f	f	t
text	ax	e	default	t	t	f	f	f	t
text	ax	é	default	t	t	f	f	f	t
text	ax	f	default	t	t	f	f	f	t
text	ax	_x	default	t	t	f	f	f	t
text	ax	ax	default	f	t	f	t	t	f
text	ax	co-op	default	t	t	f	f	f	t
text	ax	coop	default	t	t	f	f	f	t
text	ax	de luge	default	t	t	f	f	f	t
text	ax	deluge	default	t	t	f	f	f	t
text	ax	hello	default	t	t	f	f	f	t
text	ax	\N	default	u	u	u	u	u	u
text	co-op		default	f	f	t	t	f	t
text	co-op	1	default	f	f	t	t	f	t
text	co-op	A	default	f	f	t	t	f	t
text	co-op	a	default	f	f	t	t	f	t
text	co-op	B	default	f	f	t	t	f	t
text	co-op	e	default	t	t	f	f	f	t
text	co-op	é	default	t	t	f	f	f	t
text	co-op	f	default	t	t	f	f	f	t
text	co-op	_x	default	t	t	f	f	f	t
text	co-op	ax	default	f	f	t	t	f	t
text	co-op	co-op	default	f	t	f	t	t	f
text	co-op	coop	default	t	t	f	f	f	t
text	co-op	de luge	default	t	t	f	f	f	t
text	co-op	deluge	default	t	t	f	f	f	t
text	co-op	hello	default	t	t	f	f	f	t
text	co-op	\N	default	u	u	u	u	u	u
text	coop		default	f	f	t	t	f	t
text	coop	1	default	f	f	t	t	f	t
text	coop	A	default	f	f	t	t	f	t
text	coop	a	default	f	f	t	t	f	t
text	coop	B	default	f	f	t	t	f	t
text	coop	e	default	t	t	f	f	f	t
text	coop	é	default	t	t	f	f	f	t
text	coop	f	default	t	t	f	f	f	t
text	coop	_x	default	t	t	f	f	f	t
text	coop	ax	default	f	f	t	t	f	t
text	coop	co-op	default	f	f	t	t	f	t
text	coop	coop	default	f	t	f	t	t	f
text	coop	de luge	default	t	t	f	f	f	t
text	coop	deluge	default	t	t	f	f	f	t
text	coop	hello	default	t	t	f	f	f	t
text	coop	\N	default	u	u	u	u	u	u
text	de luge		default	f	f	t	t	f	t
text	de luge	1	default	f	f	t	t	f	t
text	de luge	A	default	f	f	t	t	f	t
text	de luge	a	default	f	f	t	t	f	t
text	de luge	B	default	f	f	t	t	f	t
text	de luge	e	default	t	t	f	f	f	t
text	de luge	é	default	t	t	f	f	f	t
text	de luge	f	default	t	t	f	f	f	t
text	de luge	_x	default	t	t	f	f	f	t
text	de luge	ax	default	f	f	t	t	f	t
text	de luge	co-op	default	f	f	t	t	f	t
text	de luge	coop	default	f	f	t	t	f	t
text	de luge	de luge	default	f	t	f	t	t	f
text	de luge	deluge	default	t	t	f	f	f	t
text	de luge	hello	default	t	t	f	f	f	t
text	de luge	\N	default	u	u	u	u	u	u
text	deluge		default	f	f	t	t	f	t
text	deluge	1	default	f	f	t	t	f	t
text	deluge	A	default	f	f	t	t	f	t
text	deluge	a	default	f	f	t	t	f	t
text	deluge	B	default	f	f	t	t	f	t
text	deluge	e	default	t	t	f	f	f	t
text	deluge	é	default	t	t	f	f	f	t
text	deluge	f	default	t	t	f	f	f	t
text	deluge	_x	default	t	t	f	f	f	t
text	deluge	ax	default	f	f	t	t	f	t
text	deluge	co-op	default	f	f	t	t	f	t
text	deluge	coop	default	f	f	t	t	f	t
text	deluge	de luge	default	f	f	t	t	f	t
text	deluge	deluge	default	f	t	f	t	t	f
text	deluge	hello	default	t	t	f	f	f	t
text	deluge	\N	default	u	u	u	u	u	u
text	hello		default	f	f	t	t	f	t
text	hello	1	default	f	f	t	t	f	t
text	hello	A	default	f	f	t	t	f	t
text	hello	a	default	f	f	t	t	f	t
text	hello	B	default	f	f	t	t	f	t
text	hello	e	default	f	f	t	t	f	t
text	hello	é	default	f	f	t	t	f	t
text	hello	f	default	f	f	t	t	f	t
text	hello	_x	default	t	t	f	f	f	t
text	hello	ax	default	f	f	t	t	f	t
text	hello	co-op	default	f	f	t	t	f	t
text	hello	coop	default	f	f	t	t	f	t
text	hello	de luge	default	f	f	t	t	f	t
text	hello	deluge	default	f	f	t	t	f	t
text	hello	hello	default	f	t	f	t	t	f
text	hello	\N	default	u	u	u	u	u	u
text	\N		default	u	u	u	u	u	u
text	\N	1	default	u	u	u	u	u	u
text	\N	A	default	u	u	u	u	u	u
text	\N	a	default	u	u	u	u	u	u
text	\N	B	default	u	u	u	u	u	u
text	\N	e	default	u	u	u	u	u	u
text	\N	é	default	u	u	u	u	u	u
text	\N	f	default	u	u	u	u	u	u
text	\N	_x	default	u	u	u	u	u	u
text	\N	ax	default	u	u	u	u	u	u
text	\N	co-op	default	u	u	u	u	u	u
text	\N	coop	default	u	u	u	u	u	u
text	\N	de luge	default	u	u	u	u	u	u
text	\N	deluge	default	u	u	u	u	u	u
text	\N	hello	default	u	u	u	u	u	u
text	\N	\N	default	u	u	u	u	u	u
character varying(10)			default	f	t	f	t	t	f
character varying(10)		a	default	t	t	f	f	f	t
character varying(10)		hello	default	t	t	f	f	f	t
character varying(10)		\N	default	u	u	u	u	u	u
character varying(10)	a		default	f	f	t	t	f	t
character varying(10)	a	a	default	f	t	f	t	t	f
character varying(10)	a	hello	default	t	t	f	f	f	t
character varying(10)	a	\N	default	u	u	u	u	u	u
character varying(10)	hello		default	f	f	t	t	f	t
character varying(10)	hello	a	default	f	f	t	t	f	t
character varying(10)	hello	hello	default	f	t	f	t	t	f
character varying(10)	hello	\N	default	u	u	u	u	u	u
character varying(10)	\N		default	u	u	u	u	u	u
character varying(10)	\N	a	default	u	u	u	u	u	u
character varying(10)	\N	hello	default	u	u	u	u	u	u
character varying(10)	\N	\N	default	u	u	u	u	u	u
character varying(10)	12345678901		default	f	f	t	t	f	t
character varying(10)		12345678901	default	t	t	f	f	f	t
character(10)	a	a	C	f	t	f	t	t	f
character(10)	a	a         	C	f	t	f	t	t	f
character(10)	a	a\t	C	t	t	f	f	f	t
character(10)	a	hello	C	t	t	f	f	f	t
character(10)	a	\N	C	u	u	u	u	u	u
character(10)	a         	a	C	f	t	f	t	t	f
character(10)	a         	a         	C	f	t	f	t	t	f
character(10)	a         	a\t	C	t	t	f	f	f	t
character(10)	a         	hello	C	t	t	f	f	f	t
character(10)	a         	\N	C	u	u	u	u	u	u
character(10)	a\t	a	C	f	f	t	t	f	t
character(10)	a\t	a         	C	f	f	t	t	f	t
character(10)	a\t	a\t	C	f	t	f	t	t	f
character(10)	a\t	hello	C	t	t	f	f	f	t
character(10)	a\t	\N	C	u	u	u	u	u	u
character(10)	hello	a	C	f	f	t	t	f	t
character(10)	hello	a         	C	f	f	t	t	f	t
character(10)	hello	a\t	C	f	f	t	t	f	t
character(10)	hello	hello	C	f	t	f	t	t	f
character(10)	hello	\N	C	u	u	u	u	u	u
character(10)	\N	a	C	u	u	u	u	u	u
character(10)	\N	a         	C	u	u	u	u	u	u
character(10)	\N	a\t	C	u	u	u	u	u	u
character(10)	\N	hello	C	u	u	u	u	u	u
character(10)	\N	\N	C	u	u	u	u	u	u
character(10)	a	a	default	f	t	f	t	t	f
character(10)	a	a         	default	f	t	f	t	t	f
character(10)	a	a\t	default	t	t	f	f	f	t
character(10)	a	hello	default	t	t	f	f	f	t
character(10)	a	\N	default	u	u	u	u	u	u
character(10)	a         	a	default	f	t	f	t	t	f
character(10)	a         	a         	default	f	t	f	t	t	f
character(10)	a         	a\t	default	t	t	f	f	f	t
character(10)	a         	hello	default	t	t	f	f	f	t
character(10)	a         	\N	default	u	u	u	u	u	u
character(10)	a\t	a	default	f	f	t	t	f	t
character(10)	a\t	a         	default	f	f	t	t	f	t
character(10)	a\t	a\t	default	f	t	f	t	t	f
character(10)	a\t	hello	default	t	t	f	f	f	t
character(10)	a\t	\N	default	u	u	u	u	u	u
character(10)	hello	a	default	f	f	t	t	f	t
character(10)	hello	a         	default	f	f	t	t	f	t
character(10)	hello	a\t	default	f	f	t	t	f	t
character(10)	hello	hello	default	f	t	f	t	t	f
character(10)	hello	\N	default	u	u	u	u	u	u
character(10)	\N	a	default	u	u	u	u	u	u
character(10)	\N	a         	default	u	u	u	u	u	u
character(10)	\N	a\t	default	u	u	u	u	u	u
character(10)	\N	hello	default	u	u	u	u	u	u
character(10)	\N	\N	default	u	u	u	u	u	u
name	A	A	\N	f	t	f	t	t	f
name	A	a	\N	t	t	f	f	f	t
name	A	hello	\N	t	t	f	f	f	t
name	A	\N	\N	u	u	u	u	u	u
name	a	A	\N	f	f	t	t	f	t
name	a	a	\N	f	t	f	t	t	f
name	a	hello	\N	t	t	f	f	f	t
name	a	\N	\N	u	u	u	u	u	u
name	hello	A	\N	f	f	t	t	f	t
name	hello	a	\N	f	f	t	t	f	t
name	hello	hello	\N	f	t	f	t	t	f
name	hello	\N	\N	u	u	u	u	u	u
name	\N	A	\N	u	u	u	u	u	u
name	\N	a	\N	u	u	u	u	u	u
name	\N	hello	\N	u	u	u	u	u	u
name	\N	\N	\N	u	u	u	u	u	u
public.text_c	A	A	\N	f	t	f	t	t	f
public.text_c	A	a	\N	t	t	f	f	f	t
public.text_c	A	hello	\N	t	t	f	f	f	t
public.text_c	A	\N	\N	u	u	u	u	u	u
public.text_c	a	A	\N	f	f	t	t	f	t
public.text_c	a	a	\N	f	t	f	t	t	f
public.text_c	a	hello	\N	t	t	f	f	f	t
public.text_c	a	\N	\N	u	u	u	u	u	u
public.text_c	hello	A	\N	f	f	t	t	f	t
public.text_c	hello	a	\N	f	f	t	t	f	t
public.text_c	hello	hello	\N	f	t	f	t	t	f
public.text_c	hello	\N	\N	u	u	u	u	u	u
public.text_c	\N	A	\N	u	u	u	u	u	u
public.text_c	\N	a	\N	u	u	u	u	u	u
public.text_c	\N	hello	\N	u	u	u	u	u	u
public.text_c	\N	\N	\N	u	u	u	u	u	u
public.mood	sad	sad	\N	f	t	f	t	t	f
public.mood	sad	ok	\N	t	t	f	f	f	t
public.mood	sad	happy	\N	t	t	f	f	f	t
public.mood	sad	has space	\N	t	t	f	f	f	t
public.mood	sad	\N	\N	u	u	u	u	u	u
public.mood	ok	sad	\N	f	f	t	t	f	t
public.mood	ok	ok	\N	f	t	f	t	t	f
public.mood	ok	happy	\N	t	t	f	f	f	t
public.mood	ok	has space	\N	t	t	f	f	f	t
public.mood	ok	\N	\N	u	u	u	u	u	u
public.mood	happy	sad	\N	f	f	t	t	f	t
public.mood	happy	ok	\N	f	f	t	t	f	t
public.mood	happy	happy	\N	f	t	f	t	t	f
public.mood	happy	has space	\N	t	t	f	f	f	t
public.mood	happy	\N	\N	u	u	u	u	u	u
public.mood	has space	sad	\N	f	f	t	t	f	t
public.mood	has space	ok	\N	f	f	t	t	f	t
public.mood	has space	happy	\N	f	f	t	t	f	t
public.mood	has space	has space	\N	f	t	f	t	t	f
public.mood	has space	\N	\N	u	u	u	u	u	u
public.mood	\N	sad	\N	u	u	u	u	u	u
public.mood	\N	ok	\N	u	u	u	u	u	u
public.mood	\N	happy	\N	u	u	u	u	u	u
public.mood	\N	has space	\N	u	u	u	u	u	u
public.mood	\N	\N	\N	u	u	u	u	u	u
public.mood	nope	sad	\N	E22P02	E22P02	E22P02	E22P02	E22P02	E22P02
public.mood	sad	nope	\N	E22P02	E22P02	E22P02	E22P02	E22P02	E22P02
public.mood	SAD	sad	\N	E22P02	E22P02	E22P02	E22P02	E22P02	E22P02
public.mood	sad	SAD	\N	E22P02	E22P02	E22P02	E22P02	E22P02	E22P02
json	1	1	\N	E42883	E42883	E42883	E42883	E42883	E42883
json	1	{"a": 1}	\N	E42883	E42883	E42883	E42883	E42883	E42883
json	1	null	\N	E42883	E42883	E42883	E42883	E42883	E42883
json	1	\N	\N	E42883	E42883	E42883	E42883	E42883	E42883
json	{"a": 1}	1	\N	E42883	E42883	E42883	E42883	E42883	E42883
json	{"a": 1}	{"a": 1}	\N	E42883	E42883	E42883	E42883	E42883	E42883
json	{"a": 1}	null	\N	E42883	E42883	E42883	E42883	E42883	E42883
json	{"a": 1}	\N	\N	E42883	E42883	E42883	E42883	E42883	E42883
json	null	1	\N	E42883	E42883	E42883	E42883	E42883	E42883
json	null	{"a": 1}	\N	E42883	E42883	E42883	E42883	E42883	E42883
json	null	null	\N	E42883	E42883	E42883	E42883	E42883	E42883
json	null	\N	\N	E42883	E42883	E42883	E42883	E42883	E42883
json	\N	1	\N	E42883	E42883	E42883	E42883	E42883	E42883
json	\N	{"a": 1}	\N	E42883	E42883	E42883	E42883	E42883	E42883
json	\N	null	\N	E42883	E42883	E42883	E42883	E42883	E42883
json	\N	\N	\N	E42883	E42883	E42883	E42883	E42883	E42883
json	{a:1}	1	\N	E22P02	E22P02	E22P02	E22P02	E22P02	E22P02
json	1	{a:1}	\N	E22P02	E22P02	E22P02	E22P02	E22P02	E22P02
jsonb	null	null	\N	f	t	f	t	t	f
jsonb	null	false	\N	t	t	f	f	f	t
jsonb	null	true	\N	t	t	f	f	f	t
jsonb	null	1	\N	t	t	f	f	f	t
jsonb	null	"a"	\N	t	t	f	f	f	t
jsonb	null	[]	\N	f	f	t	t	f	t
jsonb	null	[1, 2]	\N	t	t	f	f	f	t
jsonb	null	{}	\N	t	t	f	f	f	t
jsonb	null	{"a": 1}	\N	t	t	f	f	f	t
jsonb	null	{"a":1}	\N	t	t	f	f	f	t
jsonb	null	{"a": "a"}	\N	t	t	f	f	f	t
jsonb	null	{"a": "A"}	\N	t	t	f	f	f	t
jsonb	null	{"y": 3, "zz": 4}	\N	t	t	f	f	f	t
jsonb	null	{"z": 1, "aa": 2}	\N	t	t	f	f	f	t
jsonb	null	{"zzz": 1}	\N	t	t	f	f	f	t
jsonb	null	\N	\N	u	u	u	u	u	u
jsonb	false	null	\N	f	f	t	t	f	t
jsonb	false	false	\N	f	t	f	t	t	f
jsonb	false	true	\N	t	t	f	f	f	t
jsonb	false	1	\N	f	f	t	t	f	t
jsonb	false	"a"	\N	f	f	t	t	f	t
jsonb	false	[]	\N	f	f	t	t	f	t
jsonb	false	[1, 2]	\N	t	t	f	f	f	t
jsonb	false	{}	\N	t	t	f	f	f	t
jsonb	false	{"a": 1}	\N	t	t	f	f	f	t
jsonb	false	{"a":1}	\N	t	t	f	f	f	t
jsonb	false	{"a": "a"}	\N	t	t	f	f	f	t
jsonb	false	{"a": "A"}	\N	t	t	f	f	f	t
jsonb	false	{"y": 3, "zz": 4}	\N	t	t	f	f	f	t
jsonb	false	{"z": 1, "aa": 2}	\N	t	t	f	f	f	t
jsonb	false	{"zzz": 1}	\N	t	t	f	f	f	t
jsonb	false	\N	\N	u	u	u	u	u	u
jsonb	true	null	\N	f	f	t	t	f	t
jsonb	true	false	\N	f	f	t	t	f	t
jsonb	true	true	\N	f	t	f	t	t	f
jsonb	true	1	\N	f	f	t	t	f	t
jsonb	true	"a"	\N	f	f	t	t	f	t
jsonb	true	[]	\N	f	f	t	t	f	t
jsonb	true	[1, 2]	\N	t	t	f	f	f	t
jsonb	true	{}	\N	t	t	f	f	f	t
jsonb	true	{"a": 1}	\N	t	t	f	f	f	t
jsonb	true	{"a":1}	\N	t	t	f	f	f	t
jsonb	true	{"a": "a"}	\N	t	t	f	f	f	t
jsonb	true	{"a": "A"}	\N	t	t	f	f	f	t
jsonb	true	{"y": 3, "zz": 4}	\N	t	t	f	f	f	t
jsonb	true	{"z": 1, "aa": 2}	\N	t	t	f	f	f	t
jsonb	true	{"zzz": 1}	\N	t	t	f	f	f	t
jsonb	true	\N	\N	u	u	u	u	u	u
jsonb	1	null	\N	f	f	t	t	f	t
jsonb	1	false	\N	t	t	f	f	f	t
jsonb	1	true	\N	t	t	f	f	f	t
jsonb	1	1	\N	f	t	f	t	t	f
jsonb	1	"a"	\N	f	f	t	t	f	t
jsonb	1	[]	\N	f	f	t	t	f	t
jsonb	1	[1, 2]	\N	t	t	f	f	f	t
jsonb	1	{}	\N	t	t	f	f	f	t
jsonb	1	{"a": 1}	\N	t	t	f	f	f	t
jsonb	1	{"a":1}	\N	t	t	f	f	f	t
jsonb	1	{"a": "a"}	\N	t	t	f	f	f	t
jsonb	1	{"a": "A"}	\N	t	t	f	f	f	t
jsonb	1	{"y": 3, "zz": 4}	\N	t	t	f	f	f	t
jsonb	1	{"z": 1, "aa": 2}	\N	t	t	f	f	f	t
jsonb	1	{"zzz": 1}	\N	t	t	f	f	f	t
jsonb	1	\N	\N	u	u	u	u	u	u
jsonb	"a"	null	\N	f	f	t	t	f	t
jsonb	"a"	false	\N	t	t	f	f	f	t
jsonb	"a"	true	\N	t	t	f	f	f	t
jsonb	"a"	1	\N	t	t	f	f	f	t
jsonb	"a"	"a"	\N	f	t	f	t	t	f
jsonb	"a"	[]	\N	f	f	t	t	f	t
jsonb	"a"	[1, 2]	\N	t	t	f	f	f	t
jsonb	"a"	{}	\N	t	t	f	f	f	t
jsonb	"a"	{"a": 1}	\N	t	t	f	f	f	t
jsonb	"a"	{"a":1}	\N	t	t	f	f	f	t
jsonb	"a"	{"a": "a"}	\N	t	t	f	f	f	t
jsonb	"a"	{"a": "A"}	\N	t	t	f	f	f	t
jsonb	"a"	{"y": 3, "zz": 4}	\N	t	t	f	f	f	t
jsonb	"a"	{"z": 1, "aa": 2}	\N	t	t	f	f	f	t
jsonb	"a"	{"zzz": 1}	\N	t	t	f	f	f	t
jsonb	"a"	\N	\N	u	u	u	u	u	u
jsonb	[]	null	\N	t	t	f	f	f	t
jsonb	[]	false	\N	t	t	f	f	f	t
jsonb	[]	true	\N	t	t	f	f	f	t
jsonb	[]	1	\N	t	t	f	f	f	t
jsonb	[]	"a"	\N	t	t	f	f	f	t
jsonb	[]	[]	\N	f	t	f	t	t	f
jsonb	[]	[1, 2]	\N	t	t	f	f	f	t
jsonb	[]	{}	\N	t	t	f	f	f	t
jsonb	[]	{"a": 1}	\N	t	t	f	f	f	t
jsonb	[]	{"a":1}	\N	t	t	f	f	f	t
jsonb	[]	{"a": "a"}	\N	t	t	f	f	f	t
jsonb	[]	{"a": "A"}	\N	t	t	f	f	f	t
jsonb	[]	{"y": 3, "zz": 4}	\N	t	t	f	f	f	t
jsonb	[]	{"z": 1, "aa": 2}	\N	t	t	f	f	f	t
jsonb	[]	{"zzz": 1}	\N	t	t	f	f	f	t
jsonb	[]	\N	\N	u	u	u	u	u	u
jsonb	[1, 2]	null	\N	f	f	t	t	f	t
jsonb	[1, 2]	false	\N	f	f	t	t	f	t
jsonb	[1, 2]	true	\N	f	f	t	t	f	t
jsonb	[1, 2]	1	\N	f	f	t	t	f	t
jsonb	[1, 2]	"a"	\N	f	f	t	t	f	t
jsonb	[1, 2]	[]	\N	f	f	t	t	f	t
jsonb	[1, 2]	[1, 2]	\N	f	t	f	t	t	f
jsonb	[1, 2]	{}	\N	t	t	f	f	f	t
jsonb	[1, 2]	{"a": 1}	\N	t	t	f	f	f	t
jsonb	[1, 2]	{"a":1}	\N	t	t	f	f	f	t
jsonb	[1, 2]	{"a": "a"}	\N	t	t	f	f	f	t
jsonb	[1, 2]	{"a": "A"}	\N	t	t	f	f	f	t
jsonb	[1, 2]	{"y": 3, "zz": 4}	\N	t	t	f	f	f	t
jsonb	[1, 2]	{"z": 1, "aa": 2}	\N	t	t	f	f	f	t
jsonb	[1, 2]	{"zzz": 1}	\N	t	t	f	f	f	t
jsonb	[1, 2]	\N	\N	u	u	u	u	u	u
jsonb	{}	null	\N	f	f	t	t	f	t
jsonb	{}	false	\N	f	f	t	t	f	t
jsonb	{}	true	\N	f	f	t	t	f	t
jsonb	{}	1	\N	f	f	t	t	f	t
jsonb	{}	"a"	\N	f	f	t	t	f	t
jsonb	{}	[]	\N	f	f	t	t	f	t
jsonb	{}	[1, 2]	\N	f	f	t	t	f	t
jsonb	{}	{}	\N	f	t	f	t	t	f
jsonb	{}	{"a": 1}	\N	t	t	f	f	f	t
jsonb	{}	{"a":1}	\N	t	t	f	f	f	t
jsonb	{}	{"a": "a"}	\N	t	t	f	f	f	t
jsonb	{}	{"a": "A"}	\N	t	t	f	f	f	t
jsonb	{}	{"y": 3, "zz": 4}	\N	t	t	f	f	f	t
jsonb	{}	{"z": 1, "aa": 2}	\N	t	t	f	f	f	t
jsonb	{}	{"zzz": 1}	\N	t	t	f	f	f	t
jsonb	{}	\N	\N	u	u	u	u	u	u
jsonb	{"a": 1}	null	\N	f	f	t	t	f	t
jsonb	{"a": 1}	false	\N	f	f	t	t	f	t
jsonb	{"a": 1}	true	\N	f	f	t	t	f	t
jsonb	{"a": 1}	1	\N	f	f	t	t	f	t
jsonb	{"a": 1}	"a"	\N	f	f	t	t	f	t
jsonb	{"a": 1}	[]	\N	f	f	t	t	f	t
jsonb	{"a": 1}	[1, 2]	\N	f	f	t	t	f	t
jsonb	{"a": 1}	{}	\N	f	f	t	t	f	t
jsonb	{"a": 1}	{"a": 1}	\N	f	t	f	t	t	f
jsonb	{"a": 1}	{"a":1}	\N	f	t	f	t	t	f
jsonb	{"a": 1}	{"a": "a"}	\N	f	f	t	t	f	t
jsonb	{"a": 1}	{"a": "A"}	\N	f	f	t	t	f	t
jsonb	{"a": 1}	{"y": 3, "zz": 4}	\N	t	t	f	f	f	t
jsonb	{"a": 1}	{"z": 1, "aa": 2}	\N	t	t	f	f	f	t
jsonb	{"a": 1}	{"zzz": 1}	\N	t	t	f	f	f	t
jsonb	{"a": 1}	\N	\N	u	u	u	u	u	u
jsonb	{"a":1}	null	\N	f	f	t	t	f	t
jsonb	{"a":1}	false	\N	f	f	t	t	f	t
jsonb	{"a":1}	true	\N	f	f	t	t	f	t
jsonb	{"a":1}	1	\N	f	f	t	t	f	t
jsonb	{"a":1}	"a"	\N	f	f	t	t	f	t
jsonb	{"a":1}	[]	\N	f	f	t	t	f	t
jsonb	{"a":1}	[1, 2]	\N	f	f	t	t	f	t
jsonb	{"a":1}	{}	\N	f	f	t	t	f	t
jsonb	{"a":1}	{"a": 1}	\N	f	t	f	t	t	f
jsonb	{"a":1}	{"a":1}	\N	f	t	f	t	t	f
jsonb	{"a":1}	{"a": "a"}	\N	f	f	t	t	f	t
jsonb	{"a":1}	{"a": "A"}	\N	f	f	t	t	f	t
jsonb	{"a":1}	{"y": 3, "zz": 4}	\N	t	t	f	f	f	t
jsonb	{"a":1}	{"z": 1, "aa": 2}	\N	t	t	f	f	f	t
jsonb	{"a":1}	{"zzz": 1}	\N	t	t	f	f	f	t
jsonb	{"a":1}	\N	\N	u	u	u	u	u	u
jsonb	{"a": "a"}	null	\N	f	f	t	t	f	t
jsonb	{"a": "a"}	false	\N	f	f	t	t	f	t
jsonb	{"a": "a"}	true	\N	f	f	t	t	f	t
jsonb	{"a": "a"}	1	\N	f	f	t	t	f	t
jsonb	{"a": "a"}	"a"	\N	f	f	t	t	f	t
jsonb	{"a": "a"}	[]	\N	f	f	t	t	f	t
jsonb	{"a": "a"}	[1, 2]	\N	f	f	t	t	f	t
jsonb	{"a": "a"}	{}	\N	f	f	t	t	f	t
jsonb	{"a": "a"}	{"a": 1}	\N	t	t	f	f	f	t
jsonb	{"a": "a"}	{"a":1}	\N	t	t	f	f	f	t
jsonb	{"a": "a"}	{"a": "a"}	\N	f	t	f	t	t	f
jsonb	{"a": "a"}	{"a": "A"}	\N	t	t	f	f	f	t
jsonb	{"a": "a"}	{"y": 3, "zz": 4}	\N	t	t	f	f	f	t
jsonb	{"a": "a"}	{"z": 1, "aa": 2}	\N	t	t	f	f	f	t
jsonb	{"a": "a"}	{"zzz": 1}	\N	t	t	f	f	f	t
jsonb	{"a": "a"}	\N	\N	u	u	u	u	u	u
jsonb	{"a": "A"}	null	\N	f	f	t	t	f	t
jsonb	{"a": "A"}	false	\N	f	f	t	t	f	t
jsonb	{"a": "A"}	true	\N	f	f	t	t	f	t
jsonb	{"a": "A"}	1	\N	f	f	t	t	f	t
jsonb	{"a": "A"}	"a"	\N	f	f	t	t	f	t
jsonb	{"a": "A"}	[]	\N	f	f	t	t	f	t
jsonb	{"a": "A"}	[1, 2]	\N	f	f	t	t	f	t
jsonb	{"a": "A"}	{}	\N	f	f	t	t	f	t
jsonb	{"a": "A"}	{"a": 1}	\N	t	t	f	f	f	t
jsonb	{"a": "A"}	{"a":1}	\N	t	t	f	f	f	t
jsonb	{"a": "A"}	{"a": "a"}	\N	f	f	t	t	f	t
jsonb	{"a": "A"}	{"a": "A"}	\N	f	t	f	t	t	f
jsonb	{"a": "A"}	{"y": 3, "zz": 4}	\N	t	t	f	f	f	t
jsonb	{"a": "A"}	{"z": 1, "aa": 2}	\N	t	t	f	f	f	t
jsonb	{"a": "A"}	{"zzz": 1}	\N	t	t	f	f	f	t
jsonb	{"a": "A"}	\N	\N	u	u	u	u	u	u
jsonb	{"y": 3, "zz": 4}	null	\N	f	f	t	t	f	t
jsonb	{"y": 3, "zz": 4}	false	\N	f	f	t	t	f	t
jsonb	{"y": 3, "zz": 4}	true	\N	f	f	t	t	f	t
jsonb	{"y": 3, "zz": 4}	1	\N	f	f	t	t	f	t
jsonb	{"y": 3, "zz": 4}	"a"	\N	f	f	t	t	f	t
jsonb	{"y": 3, "zz": 4}	[]	\N	f	f	t	t	f	t
jsonb	{"y": 3, "zz": 4}	[1, 2]	\N	f	f	t	t	f	t
jsonb	{"y": 3, "zz": 4}	{}	\N	f	f	t	t	f	t
jsonb	{"y": 3, "zz": 4}	{"a": 1}	\N	f	f	t	t	f	t
jsonb	{"y": 3, "zz": 4}	{"a":1}	\N	f	f	t	t	f	t
jsonb	{"y": 3, "zz": 4}	{"a": "a"}	\N	f	f	t	t	f	t
jsonb	{"y": 3, "zz": 4}	{"a": "A"}	\N	f	f	t	t	f	t
jsonb	{"y": 3, "zz": 4}	{"y": 3, "zz": 4}	\N	f	t	f	t	t	f
jsonb	{"y": 3, "zz": 4}	{"z": 1, "aa": 2}	\N	t	t	f	f	f	t
jsonb	{"y": 3, "zz": 4}	{"zzz": 1}	\N	f	f	t	t	f	t
jsonb	{"y": 3, "zz": 4}	\N	\N	u	u	u	u	u	u
jsonb	{"z": 1, "aa": 2}	null	\N	f	f	t	t	f	t
jsonb	{"z": 1, "aa": 2}	false	\N	f	f	t	t	f	t
jsonb	{"z": 1, "aa": 2}	true	\N	f	f	t	t	f	t
jsonb	{"z": 1, "aa": 2}	1	\N	f	f	t	t	f	t
jsonb	{"z": 1, "aa": 2}	"a"	\N	f	f	t	t	f	t
jsonb	{"z": 1, "aa": 2}	[]	\N	f	f	t	t	f	t
jsonb	{"z": 1, "aa": 2}	[1, 2]	\N	f	f	t	t	f	t
jsonb	{"z": 1, "aa": 2}	{}	\N	f	f	t	t	f	t
jsonb	{"z": 1, "aa": 2}	{"a": 1}	\N	f	f	t	t	f	t
jsonb	{"z": 1, "aa": 2}	{"a":1}	\N	f	f	t	t	f	t
jsonb	{"z": 1, "aa": 2}	{"a": "a"}	\N	f	f	t	t	f	t
jsonb	{"z": 1, "aa": 2}	{"a": "A"}	\N	f	f	t	t	f	t
jsonb	{"z": 1, "aa": 2}	{"y": 3, "zz": 4}	\N	f	f	t	t	f	t
jsonb	{"z": 1, "aa": 2}	{"z": 1, "aa": 2}	\N	f	t	f	t	t	f
jsonb	{"z": 1, "aa": 2}	{"zzz": 1}	\N	f	f	t	t	f	t
jsonb	{"z": 1, "aa": 2}	\N	\N	u	u	u	u	u	u
jsonb	{"zzz": 1}	null	\N	f	f	t	t	f	t
jsonb	{"zzz": 1}	false	\N	f	f	t	t	f	t
jsonb	{"zzz": 1}	true	\N	f	f	t	t	f	t
jsonb	{"zzz": 1}	1	\N	f	f	t	t	f	t
jsonb	{"zzz": 1}	"a"	\N	f	f	t	t	f	t
jsonb	{"zzz": 1}	[]	\N	f	f	t	t	f	t
jsonb	{"zzz": 1}	[1, 2]	\N	f	f	t	t	f	t
jsonb	{"zzz": 1}	{}	\N	f	f	t	t	f	t
jsonb	{"zzz": 1}	{"a": 1}	\N	f	f	t	t	f	t
jsonb	{"zzz": 1}	{"a":1}	\N	f	f	t	t	f	t
jsonb	{"zzz": 1}	{"a": "a"}	\N	f	f	t	t	f	t
jsonb	{"zzz": 1}	{"a": "A"}	\N	f	f	t	t	f	t
jsonb	{"zzz": 1}	{"y": 3, "zz": 4}	\N	t	t	f	f	f	t
jsonb	{"zzz": 1}	{"z": 1, "aa": 2}	\N	t	t	f	f	f	t
jsonb	{"zzz": 1}	{"zzz": 1}	\N	f	t	f	t	t	f
jsonb	{"zzz": 1}	\N	\N	u	u	u	u	u	u
jsonb	\N	null	\N	u	u	u	u	u	u
jsonb	\N	false	\N	u	u	u	u	u	u
jsonb	\N	true	\N	u	u	u	u	u	u
jsonb	\N	1	\N	u	u	u	u	u	u
jsonb	\N	"a"	\N	u	u	u	u	u	u
jsonb	\N	[]	\N	u	u	u	u	u	u
jsonb	\N	[1, 2]	\N	u	u	u	u	u	u
jsonb	\N	{}	\N	u	u	u	u	u	u
jsonb	\N	{"a": 1}	\N	u	u	u	u	u	u
jsonb	\N	{"a":1}	\N	u	u	u	u	u	u
jsonb	\N	{"a": "a"}	\N	u	u	u	u	u	u
jsonb	\N	{"a": "A"}	\N	u	u	u	u	u	u
jsonb	\N	{"y": 3, "zz": 4}	\N	u	u	u	u	u	u
jsonb	\N	{"z": 1, "aa": 2}	\N	u	u	u	u	u	u
jsonb	\N	{"zzz": 1}	\N	u	u	u	u	u	u
jsonb	\N	\N	\N	u	u	u	u	u	u
jsonb	{	null	\N	E22P02	E22P02	E22P02	E22P02	E22P02	E22P02
jsonb	null	{	\N	E22P02	E22P02	E22P02	E22P02	E22P02	E22P02
jsonb	01	null	\N	E22P02	E22P02	E22P02	E22P02	E22P02	E22P02
jsonb	null	01	\N	E22P02	E22P02	E22P02	E22P02	E22P02	E22P02
jsonb	1e2	null	\N	f	f	t	t	f	t
jsonb	null	1e2	\N	t	t	f	f	f	t
jsonb	-0.0	null	\N	f	f	t	t	f	t
jsonb	null	-0.0	\N	t	t	f	f	f	t
jsonb	{"a":1,"a":2}	null	\N	f	f	t	t	f	t
jsonb	null	{"a":1,"a":2}	\N	t	t	f	f	f	t
xml	<a/>	<a/>	\N	E42883	E42883	E42883	E42883	E42883	E42883
xml	<a/>	<b/>	\N	E42883	E42883	E42883	E42883	E42883	E42883
xml	<a/>	\N	\N	E42883	E42883	E42883	E42883	E42883	E42883
xml	<b/>	<a/>	\N	E42883	E42883	E42883	E42883	E42883	E42883
xml	<b/>	<b/>	\N	E42883	E42883	E42883	E42883	E42883	E42883
xml	<b/>	\N	\N	E42883	E42883	E42883	E42883	E42883	E42883
xml	\N	<a/>	\N	E42883	E42883	E42883	E42883	E42883	E42883
xml	\N	<b/>	\N	E42883	E42883	E42883	E42883	E42883	E42883
xml	\N	\N	\N	E42883	E42883	E42883	E42883	E42883	E42883
xml	<a>	<a/>	\N	E2200N	E2200N	E2200N	E2200N	E2200N	E2200N
xml	<a/>	<a>	\N	E2200N	E2200N	E2200N	E2200N	E2200N	E2200N
inet	10.0.0.1	10.0.0.1	\N	f	t	f	t	t	f
inet	10.0.0.1	192.168.1.0/24	\N	t	t	f	f	f	t
inet	10.0.0.1	192.168.1.1	\N	t	t	f	f	f	t
inet	10.0.0.1	::1	\N	t	t	f	f	f	t
inet	10.0.0.1	\N	\N	u	u	u	u	u	u
inet	192.168.1.0/24	10.0.0.1	\N	f	f	t	t	f	t
inet	192.168.1.0/24	192.168.1.0/24	\N	f	t	f	t	t	f
inet	192.168.1.0/24	192.168.1.1	\N	t	t	f	f	f	t
inet	192.168.1.0/24	::1	\N	t	t	f	f	f	t
inet	192.168.1.0/24	\N	\N	u	u	u	u	u	u
inet	192.168.1.1	10.0.0.1	\N	f	f	t	t	f	t
inet	192.168.1.1	192.168.1.0/24	\N	f	f	t	t	f	t
inet	192.168.1.1	192.168.1.1	\N	f	t	f	t	t	f
inet	192.168.1.1	::1	\N	t	t	f	f	f	t
inet	192.168.1.1	\N	\N	u	u	u	u	u	u
inet	::1	10.0.0.1	\N	f	f	t	t	f	t
inet	::1	192.168.1.0/24	\N	f	f	t	t	f	t
inet	::1	192.168.1.1	\N	f	f	t	t	f	t
inet	::1	::1	\N	f	t	f	t	t	f
inet	::1	\N	\N	u	u	u	u	u	u
inet	\N	10.0.0.1	\N	u	u	u	u	u	u
inet	\N	192.168.1.0/24	\N	u	u	u	u	u	u
inet	\N	192.168.1.1	\N	u	u	u	u	u	u
inet	\N	::1	\N	u	u	u	u	u	u
inet	\N	\N	\N	u	u	u	u	u	u
inet	999.1.1.1	10.0.0.1	\N	E22P02	E22P02	E22P02	E22P02	E22P02	E22P02
inet	10.0.0.1	999.1.1.1	\N	E22P02	E22P02	E22P02	E22P02	E22P02	E22P02
cidr	10.0.0.0/8	10.0.0.0/8	\N	f	t	f	t	t	f
cidr	10.0.0.0/8	192.168.1.0/24	\N	t	t	f	f	f	t
cidr	10.0.0.0/8	::/0	\N	t	t	f	f	f	t
cidr	10.0.0.0/8	\N	\N	u	u	u	u	u	u
cidr	192.168.1.0/24	10.0.0.0/8	\N	f	f	t	t	f	t
cidr	192.168.1.0/24	192.168.1.0/24	\N	f	t	f	t	t	f
cidr	192.168.1.0/24	::/0	\N	t	t	f	f	f	t
cidr	192.168.1.0/24	\N	\N	u	u	u	u	u	u
cidr	::/0	10.0.0.0/8	\N	f	f	t	t	f	t
cidr	::/0	192.168.1.0/24	\N	f	f	t	t	f	t
cidr	::/0	::/0	\N	f	t	f	t	t	f
cidr	::/0	\N	\N	u	u	u	u	u	u
cidr	\N	10.0.0.0/8	\N	u	u	u	u	u	u
cidr	\N	192.168.1.0/24	\N	u	u	u	u	u	u
cidr	\N	::/0	\N	u	u	u	u	u	u
cidr	\N	\N	\N	u	u	u	u	u	u
cidr	192.168.1.1/24	10.0.0.0/8	\N	E22P02	E22P02	E22P02	E22P02	E22P02	E22P02
cidr	10.0.0.0/8	192.168.1.1/24	\N	E22P02	E22P02	E22P02	E22P02	E22P02	E22P02
macaddr	08:00:2b:01:02:03	08:00:2b:01:02:03	\N	f	t	f	t	t	f
macaddr	08:00:2b:01:02:03	08:00:2b:01:02:04	\N	t	t	f	f	f	t
macaddr	08:00:2b:01:02:03	\N	\N	u	u	u	u	u	u
macaddr	08:00:2b:01:02:04	08:00:2b:01:02:03	\N	f	f	t	t	f	t
macaddr	08:00:2b:01:02:04	08:00:2b:01:02:04	\N	f	t	f	t	t	f
macaddr	08:00:2b:01:02:04	\N	\N	u	u	u	u	u	u
macaddr	\N	08:00:2b:01:02:03	\N	u	u	u	u	u	u
macaddr	\N	08:00:2b:01:02:04	\N	u	u	u	u	u	u
macaddr	\N	\N	\N	u	u	u	u	u	u
macaddr	08-00-2b-01-02-04	08:00:2b:01:02:03	\N	f	f	t	t	f	t
macaddr	08:00:2b:01:02:03	08-00-2b-01-02-04	\N	t	t	f	f	f	t
macaddr	zz:00:2b:01:02:03	08:00:2b:01:02:03	\N	E22P02	E22P02	E22P02	E22P02	E22P02	E22P02
macaddr	08:00:2b:01:02:03	zz:00:2b:01:02:03	\N	E22P02	E22P02	E22P02	E22P02	E22P02	E22P02
macaddr8	08:00:2b:01:02:03:04:05	08:00:2b:01:02:03:04:05	\N	f	t	f	t	t	f
macaddr8	08:00:2b:01:02:03:04:05	08:00:2b:01:02:03:04:06	\N	t	t	f	f	f	t
macaddr8	08:00:2b:01:02:03:04:05	\N	\N	u	u	u	u	u	u
macaddr8	08:00:2b:01:02:03:04:06	08:00:2b:01:02:03:04:05	\N	f	f	t	t	f	t
macaddr8	08:00:2b:01:02:03:04:06	08:00:2b:01:02:03:04:06	\N	f	t	f	t	t	f
macaddr8	08:00:2b:01:02:03:04:06	\N	\N	u	u	u	u	u	u
macaddr8	\N	08:00:2b:01:02:03:04:05	\N	u	u	u	u	u	u
macaddr8	\N	08:00:2b:01:02:03:04:06	\N	u	u	u	u	u	u
macaddr8	\N	\N	\N	u	u	u	u	u	u
public.base_domain	-1	-1	\N	f	t	f	t	t	f
public.base_domain	-1	0	\N	t	t	f	f	f	t
public.base_domain	-1	1	\N	t	t	f	f	f	t
public.base_domain	-1	\N	\N	u	u	u	u	u	u
public.base_domain	0	-1	\N	f	f	t	t	f	t
public.base_domain	0	0	\N	f	t	f	t	t	f
public.base_domain	0	1	\N	t	t	f	f	f	t
public.base_domain	0	\N	\N	u	u	u	u	u	u
public.base_domain	1	-1	\N	f	f	t	t	f	t
public.base_domain	1	0	\N	f	f	t	t	f	t
public.base_domain	1	1	\N	f	t	f	t	t	f
public.base_domain	1	\N	\N	u	u	u	u	u	u
public.base_domain	\N	-1	\N	u	u	u	u	u	u
public.base_domain	\N	0	\N	u	u	u	u	u	u
public.base_domain	\N	1	\N	u	u	u	u	u	u
public.base_domain	\N	\N	\N	u	u	u	u	u	u
public.derived_domain	-1	-1	\N	f	t	f	t	t	f
public.derived_domain	-1	0	\N	t	t	f	f	f	t
public.derived_domain	-1	1	\N	t	t	f	f	f	t
public.derived_domain	-1	\N	\N	E23502	E23502	E23502	E23502	E23502	E23502
public.derived_domain	0	-1	\N	f	f	t	t	f	t
public.derived_domain	0	0	\N	f	t	f	t	t	f
public.derived_domain	0	1	\N	t	t	f	f	f	t
public.derived_domain	0	\N	\N	E23502	E23502	E23502	E23502	E23502	E23502
public.derived_domain	1	-1	\N	f	f	t	t	f	t
public.derived_domain	1	0	\N	f	f	t	t	f	t
public.derived_domain	1	1	\N	f	t	f	t	t	f
public.derived_domain	1	\N	\N	E23502	E23502	E23502	E23502	E23502	E23502
public.derived_domain	\N	-1	\N	E23502	E23502	E23502	E23502	E23502	E23502
public.derived_domain	\N	0	\N	E23502	E23502	E23502	E23502	E23502	E23502
public.derived_domain	\N	1	\N	E23502	E23502	E23502	E23502	E23502	E23502
public.derived_domain	\N	\N	\N	E23502	E23502	E23502	E23502	E23502	E23502
public.box_domain	(1,1),(0,0)	(1,1),(0,0)	\N	f	t	f	t	t	E42883
public.box_domain	(1,1),(0,0)	(3,3),(2,2)	\N	f	t	f	t	t	E42883
public.box_domain	(1,1),(0,0)	\N	\N	u	u	u	u	u	E42883
public.box_domain	(3,3),(2,2)	(1,1),(0,0)	\N	f	t	f	t	t	E42883
public.box_domain	(3,3),(2,2)	(3,3),(2,2)	\N	f	t	f	t	t	E42883
public.box_domain	(3,3),(2,2)	\N	\N	u	u	u	u	u	E42883
public.box_domain	\N	(1,1),(0,0)	\N	u	u	u	u	u	E42883
public.box_domain	\N	(3,3),(2,2)	\N	u	u	u	u	u	E42883
public.box_domain	\N	\N	\N	u	u	u	u	u	E42883
public.mybase	hello	hello	\N	E42883	E42883	E42883	E42883	E42883	E42883
public.mybase	hello	world	\N	E42883	E42883	E42883	E42883	E42883	E42883
public.mybase	hello	\N	\N	E42883	E42883	E42883	E42883	E42883	E42883
public.mybase	world	hello	\N	E42883	E42883	E42883	E42883	E42883	E42883
public.mybase	world	world	\N	E42883	E42883	E42883	E42883	E42883	E42883
public.mybase	world	\N	\N	E42883	E42883	E42883	E42883	E42883	E42883
public.mybase	\N	hello	\N	E42883	E42883	E42883	E42883	E42883	E42883
public.mybase	\N	world	\N	E42883	E42883	E42883	E42883	E42883	E42883
public.mybase	\N	\N	\N	E42883	E42883	E42883	E42883	E42883	E42883
integer[]	{}	{}	\N	f	t	f	t	t	f
integer[]	{}	{1,2}	\N	t	t	f	f	f	t
integer[]	{}	{1,NULL}	\N	t	t	f	f	f	t
integer[]	{}	[0:1]={1,2}	\N	t	t	f	f	f	t
integer[]	{}	{{1,2},{3,4}}	\N	t	t	f	f	f	t
integer[]	{}	\N	\N	u	u	u	u	u	u
integer[]	{1,2}	{}	\N	f	f	t	t	f	t
integer[]	{1,2}	{1,2}	\N	f	t	f	t	t	f
integer[]	{1,2}	{1,NULL}	\N	t	t	f	f	f	t
integer[]	{1,2}	[0:1]={1,2}	\N	f	f	t	t	f	t
integer[]	{1,2}	{{1,2},{3,4}}	\N	t	t	f	f	f	t
integer[]	{1,2}	\N	\N	u	u	u	u	u	u
integer[]	{1,NULL}	{}	\N	f	f	t	t	f	t
integer[]	{1,NULL}	{1,2}	\N	f	f	t	t	f	t
integer[]	{1,NULL}	{1,NULL}	\N	f	t	f	t	t	f
integer[]	{1,NULL}	[0:1]={1,2}	\N	f	f	t	t	f	t
integer[]	{1,NULL}	{{1,2},{3,4}}	\N	f	f	t	t	f	t
integer[]	{1,NULL}	\N	\N	u	u	u	u	u	u
integer[]	[0:1]={1,2}	{}	\N	f	f	t	t	f	t
integer[]	[0:1]={1,2}	{1,2}	\N	t	t	f	f	f	t
integer[]	[0:1]={1,2}	{1,NULL}	\N	t	t	f	f	f	t
integer[]	[0:1]={1,2}	[0:1]={1,2}	\N	f	t	f	t	t	f
integer[]	[0:1]={1,2}	{{1,2},{3,4}}	\N	t	t	f	f	f	t
integer[]	[0:1]={1,2}	\N	\N	u	u	u	u	u	u
integer[]	{{1,2},{3,4}}	{}	\N	f	f	t	t	f	t
integer[]	{{1,2},{3,4}}	{1,2}	\N	f	f	t	t	f	t
integer[]	{{1,2},{3,4}}	{1,NULL}	\N	t	t	f	f	f	t
integer[]	{{1,2},{3,4}}	[0:1]={1,2}	\N	f	f	t	t	f	t
integer[]	{{1,2},{3,4}}	{{1,2},{3,4}}	\N	f	t	f	t	t	f
integer[]	{{1,2},{3,4}}	\N	\N	u	u	u	u	u	u
integer[]	\N	{}	\N	u	u	u	u	u	u
integer[]	\N	{1,2}	\N	u	u	u	u	u	u
integer[]	\N	{1,NULL}	\N	u	u	u	u	u	u
integer[]	\N	[0:1]={1,2}	\N	u	u	u	u	u	u
integer[]	\N	{{1,2},{3,4}}	\N	u	u	u	u	u	u
integer[]	\N	\N	\N	u	u	u	u	u	u
integer[]	{ 1 , 2 }	{}	\N	f	f	t	t	f	t
integer[]	{}	{ 1 , 2 }	\N	t	t	f	f	f	t
integer[]	{1,null}	{}	\N	f	f	t	t	f	t
integer[]	{}	{1,null}	\N	t	t	f	f	f	t
integer[]	[1:2]={1,2}	{}	\N	f	f	t	t	f	t
integer[]	{}	[1:2]={1,2}	\N	t	t	f	f	f	t
integer[]	{1,2	{}	\N	E22P02	E22P02	E22P02	E22P02	E22P02	E22P02
integer[]	{}	{1,2	\N	E22P02	E22P02	E22P02	E22P02	E22P02	E22P02
integer[]	{1,,2}	{}	\N	E22P02	E22P02	E22P02	E22P02	E22P02	E22P02
integer[]	{}	{1,,2}	\N	E22P02	E22P02	E22P02	E22P02	E22P02	E22P02
integer[]	{{1,2},{3}}	{}	\N	E22P02	E22P02	E22P02	E22P02	E22P02	E22P02
integer[]	{}	{{1,2},{3}}	\N	E22P02	E22P02	E22P02	E22P02	E22P02	E22P02
text[]	{}	{}	\N	f	t	f	t	t	f
text[]	{}	{a,b}	\N	t	t	f	f	f	t
text[]	{}	{a,B}	\N	t	t	f	f	f	t
text[]	{}	{NULL}	\N	t	t	f	f	f	t
text[]	{}	{"NULL"}	\N	t	t	f	f	f	t
text[]	{}	\N	\N	u	u	u	u	u	u
text[]	{a,b}	{}	\N	f	f	t	t	f	t
text[]	{a,b}	{a,b}	\N	f	t	f	t	t	f
text[]	{a,b}	{a,B}	\N	t	t	f	f	f	t
text[]	{a,b}	{NULL}	\N	t	t	f	f	f	t
text[]	{a,b}	{"NULL"}	\N	t	t	f	f	f	t
text[]	{a,b}	\N	\N	u	u	u	u	u	u
text[]	{a,B}	{}	\N	f	f	t	t	f	t
text[]	{a,B}	{a,b}	\N	f	f	t	t	f	t
text[]	{a,B}	{a,B}	\N	f	t	f	t	t	f
text[]	{a,B}	{NULL}	\N	t	t	f	f	f	t
text[]	{a,B}	{"NULL"}	\N	t	t	f	f	f	t
text[]	{a,B}	\N	\N	u	u	u	u	u	u
text[]	{NULL}	{}	\N	f	f	t	t	f	t
text[]	{NULL}	{a,b}	\N	f	f	t	t	f	t
text[]	{NULL}	{a,B}	\N	f	f	t	t	f	t
text[]	{NULL}	{NULL}	\N	f	t	f	t	t	f
text[]	{NULL}	{"NULL"}	\N	f	f	t	t	f	t
text[]	{NULL}	\N	\N	u	u	u	u	u	u
text[]	{"NULL"}	{}	\N	f	f	t	t	f	t
text[]	{"NULL"}	{a,b}	\N	f	f	t	t	f	t
text[]	{"NULL"}	{a,B}	\N	f	f	t	t	f	t
text[]	{"NULL"}	{NULL}	\N	t	t	f	f	f	t
text[]	{"NULL"}	{"NULL"}	\N	f	t	f	t	t	f
text[]	{"NULL"}	\N	\N	u	u	u	u	u	u
text[]	\N	{}	\N	u	u	u	u	u	u
text[]	\N	{a,b}	\N	u	u	u	u	u	u
text[]	\N	{a,B}	\N	u	u	u	u	u	u
text[]	\N	{NULL}	\N	u	u	u	u	u	u
text[]	\N	{"NULL"}	\N	u	u	u	u	u	u
text[]	\N	\N	\N	u	u	u	u	u	u
text[]	{ a , b }	{}	\N	f	f	t	t	f	t
text[]	{}	{ a , b }	\N	t	t	f	f	f	t
text[]	{"a","b"}	{}	\N	f	f	t	t	f	t
text[]	{}	{"a","b"}	\N	t	t	f	f	f	t
text[]	{a\\,b}	{}	\N	f	f	t	t	f	t
text[]	{}	{a\\,b}	\N	t	t	f	f	f	t
public.mood[]	{sad,ok}	{sad,ok}	\N	f	t	f	t	t	f
public.mood[]	{sad,ok}	{ok,sad}	\N	t	t	f	f	f	t
public.mood[]	{sad,ok}	\N	\N	u	u	u	u	u	u
public.mood[]	{ok,sad}	{sad,ok}	\N	f	f	t	t	f	t
public.mood[]	{ok,sad}	{ok,sad}	\N	f	t	f	t	t	f
public.mood[]	{ok,sad}	\N	\N	u	u	u	u	u	u
public.mood[]	\N	{sad,ok}	\N	u	u	u	u	u	u
public.mood[]	\N	{ok,sad}	\N	u	u	u	u	u	u
public.mood[]	\N	\N	\N	u	u	u	u	u	u
public.intarr[]	{"{1,2}","{3}"}	{"{1,2}","{3}"}	\N	f	t	f	t	t	f
public.intarr[]	{"{1,2}","{3}"}	{"{}"}	\N	f	f	t	t	f	t
public.intarr[]	{"{1,2}","{3}"}	\N	\N	u	u	u	u	u	u
public.intarr[]	{"{}"}	{"{1,2}","{3}"}	\N	t	t	f	f	f	t
public.intarr[]	{"{}"}	{"{}"}	\N	f	t	f	t	t	f
public.intarr[]	{"{}"}	\N	\N	u	u	u	u	u	u
public.intarr[]	\N	{"{1,2}","{3}"}	\N	u	u	u	u	u	u
public.intarr[]	\N	{"{}"}	\N	u	u	u	u	u	u
public.intarr[]	\N	\N	\N	u	u	u	u	u	u
public.point2d	(1,a)	(1,a)	\N	f	t	f	t	t	f
public.point2d	(1,a)	(1,b)	\N	t	t	f	f	f	t
public.point2d	(1,a)	(2,a)	\N	t	t	f	f	f	t
public.point2d	(1,a)	(,a)	\N	t	t	f	f	f	t
public.point2d	(1,a)	(1,)	\N	t	t	f	f	f	t
public.point2d	(1,a)	\N	\N	u	u	u	u	u	u
public.point2d	(1,b)	(1,a)	\N	f	f	t	t	f	t
public.point2d	(1,b)	(1,b)	\N	f	t	f	t	t	f
public.point2d	(1,b)	(2,a)	\N	t	t	f	f	f	t
public.point2d	(1,b)	(,a)	\N	t	t	f	f	f	t
public.point2d	(1,b)	(1,)	\N	t	t	f	f	f	t
public.point2d	(1,b)	\N	\N	u	u	u	u	u	u
public.point2d	(2,a)	(1,a)	\N	f	f	t	t	f	t
public.point2d	(2,a)	(1,b)	\N	f	f	t	t	f	t
public.point2d	(2,a)	(2,a)	\N	f	t	f	t	t	f
public.point2d	(2,a)	(,a)	\N	t	t	f	f	f	t
public.point2d	(2,a)	(1,)	\N	f	f	t	t	f	t
public.point2d	(2,a)	\N	\N	u	u	u	u	u	u
public.point2d	(,a)	(1,a)	\N	f	f	t	t	f	t
public.point2d	(,a)	(1,b)	\N	f	f	t	t	f	t
public.point2d	(,a)	(2,a)	\N	f	f	t	t	f	t
public.point2d	(,a)	(,a)	\N	f	t	f	t	t	f
public.point2d	(,a)	(1,)	\N	f	f	t	t	f	t
public.point2d	(,a)	\N	\N	u	u	u	u	u	u
public.point2d	(1,)	(1,a)	\N	f	f	t	t	f	t
public.point2d	(1,)	(1,b)	\N	f	f	t	t	f	t
public.point2d	(1,)	(2,a)	\N	t	t	f	f	f	t
public.point2d	(1,)	(,a)	\N	t	t	f	f	f	t
public.point2d	(1,)	(1,)	\N	f	t	f	t	t	f
public.point2d	(1,)	\N	\N	u	u	u	u	u	u
public.point2d	\N	(1,a)	\N	u	u	u	u	u	u
public.point2d	\N	(1,b)	\N	u	u	u	u	u	u
public.point2d	\N	(2,a)	\N	u	u	u	u	u	u
public.point2d	\N	(,a)	\N	u	u	u	u	u	u
public.point2d	\N	(1,)	\N	u	u	u	u	u	u
public.point2d	\N	\N	\N	u	u	u	u	u	u
public.point2d	()	(1,a)	\N	E22P02	E22P02	E22P02	E22P02	E22P02	E22P02
public.point2d	(1,a)	()	\N	E22P02	E22P02	E22P02	E22P02	E22P02	E22P02
public.point2d	( 1 , a )	(1,a)	\N	t	t	f	f	f	t
public.point2d	(1,a)	( 1 , a )	\N	f	f	t	t	f	t
public.point2d	(1,a	(1,a)	\N	E22P02	E22P02	E22P02	E22P02	E22P02	E22P02
public.point2d	(1,a)	(1,a	\N	E22P02	E22P02	E22P02	E22P02	E22P02	E22P02
public.point2d	(1,a,b)	(1,a)	\N	E22P02	E22P02	E22P02	E22P02	E22P02	E22P02
public.point2d	(1,a)	(1,a,b)	\N	E22P02	E22P02	E22P02	E22P02	E22P02	E22P02
public.tagged	(a,"{x,y}")	(a,"{x,y}")	\N	f	t	f	t	t	f
public.tagged	(a,"{x,y}")	(a,)	\N	t	t	f	f	f	t
public.tagged	(a,"{x,y}")	\N	\N	u	u	u	u	u	u
public.tagged	(a,)	(a,"{x,y}")	\N	f	f	t	t	f	t
public.tagged	(a,)	(a,)	\N	f	t	f	t	t	f
public.tagged	(a,)	\N	\N	u	u	u	u	u	u
public.tagged	\N	(a,"{x,y}")	\N	u	u	u	u	u	u
public.tagged	\N	(a,)	\N	u	u	u	u	u	u
public.tagged	\N	\N	\N	u	u	u	u	u	u
public.empty_comp	()	()	\N	f	t	f	t	t	f
public.empty_comp	()	\N	\N	u	u	u	u	u	u
public.empty_comp	\N	()	\N	u	u	u	u	u	u
public.empty_comp	\N	\N	\N	u	u	u	u	u	u
public.empty_comp	(1)	()	\N	E22P02	E22P02	E22P02	E22P02	E22P02	E22P02
public.empty_comp	()	(1)	\N	E22P02	E22P02	E22P02	E22P02	E22P02	E22P02
int4range	empty	empty	\N	f	t	f	t	t	f
int4range	empty	[1,10)	\N	t	t	f	f	f	t
int4range	empty	[1,10]	\N	t	t	f	f	f	t
int4range	empty	(0,10)	\N	t	t	f	f	f	t
int4range	empty	[1,)	\N	t	t	f	f	f	t
int4range	empty	(,5)	\N	t	t	f	f	f	t
int4range	empty	\N	\N	u	u	u	u	u	u
int4range	[1,10)	empty	\N	f	f	t	t	f	t
int4range	[1,10)	[1,10)	\N	f	t	f	t	t	f
int4range	[1,10)	[1,10]	\N	t	t	f	f	f	t
int4range	[1,10)	(0,10)	\N	f	t	f	t	t	f
int4range	[1,10)	[1,)	\N	t	t	f	f	f	t
int4range	[1,10)	(,5)	\N	f	f	t	t	f	t
int4range	[1,10)	\N	\N	u	u	u	u	u	u
int4range	[1,10]	empty	\N	f	f	t	t	f	t
int4range	[1,10]	[1,10)	\N	f	f	t	t	f	t
int4range	[1,10]	[1,10]	\N	f	t	f	t	t	f
int4range	[1,10]	(0,10)	\N	f	f	t	t	f	t
int4range	[1,10]	[1,)	\N	t	t	f	f	f	t
int4range	[1,10]	(,5)	\N	f	f	t	t	f	t
int4range	[1,10]	\N	\N	u	u	u	u	u	u
int4range	(0,10)	empty	\N	f	f	t	t	f	t
int4range	(0,10)	[1,10)	\N	f	t	f	t	t	f
int4range	(0,10)	[1,10]	\N	t	t	f	f	f	t
int4range	(0,10)	(0,10)	\N	f	t	f	t	t	f
int4range	(0,10)	[1,)	\N	t	t	f	f	f	t
int4range	(0,10)	(,5)	\N	f	f	t	t	f	t
int4range	(0,10)	\N	\N	u	u	u	u	u	u
int4range	[1,)	empty	\N	f	f	t	t	f	t
int4range	[1,)	[1,10)	\N	f	f	t	t	f	t
int4range	[1,)	[1,10]	\N	f	f	t	t	f	t
int4range	[1,)	(0,10)	\N	f	f	t	t	f	t
int4range	[1,)	[1,)	\N	f	t	f	t	t	f
int4range	[1,)	(,5)	\N	f	f	t	t	f	t
int4range	[1,)	\N	\N	u	u	u	u	u	u
int4range	(,5)	empty	\N	f	f	t	t	f	t
int4range	(,5)	[1,10)	\N	t	t	f	f	f	t
int4range	(,5)	[1,10]	\N	t	t	f	f	f	t
int4range	(,5)	(0,10)	\N	t	t	f	f	f	t
int4range	(,5)	[1,)	\N	t	t	f	f	f	t
int4range	(,5)	(,5)	\N	f	t	f	t	t	f
int4range	(,5)	\N	\N	u	u	u	u	u	u
int4range	\N	empty	\N	u	u	u	u	u	u
int4range	\N	[1,10)	\N	u	u	u	u	u	u
int4range	\N	[1,10]	\N	u	u	u	u	u	u
int4range	\N	(0,10)	\N	u	u	u	u	u	u
int4range	\N	[1,)	\N	u	u	u	u	u	u
int4range	\N	(,5)	\N	u	u	u	u	u	u
int4range	\N	\N	\N	u	u	u	u	u	u
int4range	[1,10	empty	\N	E22P02	E22P02	E22P02	E22P02	E22P02	E22P02
int4range	empty	[1,10	\N	E22P02	E22P02	E22P02	E22P02	E22P02	E22P02
int4range	[10,1)	empty	\N	E22000	E22000	E22000	E22000	E22000	E22000
int4range	empty	[10,1)	\N	E22000	E22000	E22000	E22000	E22000	E22000
numrange	empty	empty	\N	f	t	f	t	t	f
numrange	empty	[1,10)	\N	t	t	f	f	f	t
numrange	empty	(1,10)	\N	t	t	f	f	f	t
numrange	empty	[1,10]	\N	t	t	f	f	f	t
numrange	empty	\N	\N	u	u	u	u	u	u
numrange	[1,10)	empty	\N	f	f	t	t	f	t
numrange	[1,10)	[1,10)	\N	f	t	f	t	t	f
numrange	[1,10)	(1,10)	\N	t	t	f	f	f	t
numrange	[1,10)	[1,10]	\N	t	t	f	f	f	t
numrange	[1,10)	\N	\N	u	u	u	u	u	u
numrange	(1,10)	empty	\N	f	f	t	t	f	t
numrange	(1,10)	[1,10)	\N	f	f	t	t	f	t
numrange	(1,10)	(1,10)	\N	f	t	f	t	t	f
numrange	(1,10)	[1,10]	\N	f	f	t	t	f	t
numrange	(1,10)	\N	\N	u	u	u	u	u	u
numrange	[1,10]	empty	\N	f	f	t	t	f	t
numrange	[1,10]	[1,10)	\N	f	f	t	t	f	t
numrange	[1,10]	(1,10)	\N	t	t	f	f	f	t
numrange	[1,10]	[1,10]	\N	f	t	f	t	t	f
numrange	[1,10]	\N	\N	u	u	u	u	u	u
numrange	\N	empty	\N	u	u	u	u	u	u
numrange	\N	[1,10)	\N	u	u	u	u	u	u
numrange	\N	(1,10)	\N	u	u	u	u	u	u
numrange	\N	[1,10]	\N	u	u	u	u	u	u
numrange	\N	\N	\N	u	u	u	u	u	u
daterange	empty	empty	\N	f	t	f	t	t	f
daterange	empty	[2020-01-01,2020-01-02)	\N	t	t	f	f	f	t
daterange	empty	[2020-01-01,2020-01-01]	\N	t	t	f	f	f	t
daterange	empty	[2020-01-01,infinity]	\N	t	t	f	f	f	t
daterange	empty	\N	\N	u	u	u	u	u	u
daterange	[2020-01-01,2020-01-02)	empty	\N	f	f	t	t	f	t
daterange	[2020-01-01,2020-01-02)	[2020-01-01,2020-01-02)	\N	f	t	f	t	t	f
daterange	[2020-01-01,2020-01-02)	[2020-01-01,2020-01-01]	\N	f	t	f	t	t	f
daterange	[2020-01-01,2020-01-02)	[2020-01-01,infinity]	\N	t	t	f	f	f	t
daterange	[2020-01-01,2020-01-02)	\N	\N	u	u	u	u	u	u
daterange	[2020-01-01,2020-01-01]	empty	\N	f	f	t	t	f	t
daterange	[2020-01-01,2020-01-01]	[2020-01-01,2020-01-02)	\N	f	t	f	t	t	f
daterange	[2020-01-01,2020-01-01]	[2020-01-01,2020-01-01]	\N	f	t	f	t	t	f
daterange	[2020-01-01,2020-01-01]	[2020-01-01,infinity]	\N	t	t	f	f	f	t
daterange	[2020-01-01,2020-01-01]	\N	\N	u	u	u	u	u	u
daterange	[2020-01-01,infinity]	empty	\N	f	f	t	t	f	t
daterange	[2020-01-01,infinity]	[2020-01-01,2020-01-02)	\N	f	f	t	t	f	t
daterange	[2020-01-01,infinity]	[2020-01-01,2020-01-01]	\N	f	f	t	t	f	t
daterange	[2020-01-01,infinity]	[2020-01-01,infinity]	\N	f	t	f	t	t	f
daterange	[2020-01-01,infinity]	\N	\N	u	u	u	u	u	u
daterange	\N	empty	\N	u	u	u	u	u	u
daterange	\N	[2020-01-01,2020-01-02)	\N	u	u	u	u	u	u
daterange	\N	[2020-01-01,2020-01-01]	\N	u	u	u	u	u	u
daterange	\N	[2020-01-01,infinity]	\N	u	u	u	u	u	u
daterange	\N	\N	\N	u	u	u	u	u	u
tsrange	empty	empty	\N	f	t	f	t	t	f
tsrange	empty	[2020-01-01 00:00:00,2020-01-02 00:00:00)	\N	t	t	f	f	f	t
tsrange	empty	\N	\N	u	u	u	u	u	u
tsrange	[2020-01-01 00:00:00,2020-01-02 00:00:00)	empty	\N	f	f	t	t	f	t
tsrange	[2020-01-01 00:00:00,2020-01-02 00:00:00)	[2020-01-01 00:00:00,2020-01-02 00:00:00)	\N	f	t	f	t	t	f
tsrange	[2020-01-01 00:00:00,2020-01-02 00:00:00)	\N	\N	u	u	u	u	u	u
tsrange	\N	empty	\N	u	u	u	u	u	u
tsrange	\N	[2020-01-01 00:00:00,2020-01-02 00:00:00)	\N	u	u	u	u	u	u
tsrange	\N	\N	\N	u	u	u	u	u	u
tstzrange	empty	empty	\N	f	t	f	t	t	f
tstzrange	empty	[2020-01-01 00:00:00+00,2020-01-02 00:00:00+00)	\N	t	t	f	f	f	t
tstzrange	empty	\N	\N	u	u	u	u	u	u
tstzrange	[2020-01-01 00:00:00+00,2020-01-02 00:00:00+00)	empty	\N	f	f	t	t	f	t
tstzrange	[2020-01-01 00:00:00+00,2020-01-02 00:00:00+00)	[2020-01-01 00:00:00+00,2020-01-02 00:00:00+00)	\N	f	t	f	t	t	f
tstzrange	[2020-01-01 00:00:00+00,2020-01-02 00:00:00+00)	\N	\N	u	u	u	u	u	u
tstzrange	\N	empty	\N	u	u	u	u	u	u
tstzrange	\N	[2020-01-01 00:00:00+00,2020-01-02 00:00:00+00)	\N	u	u	u	u	u	u
tstzrange	\N	\N	\N	u	u	u	u	u	u
public.myrange	empty	empty	\N	f	t	f	t	t	f
public.myrange	empty	[1.5,10.5)	\N	t	t	f	f	f	t
public.myrange	empty	[1.5,10.5]	\N	t	t	f	f	f	t
public.myrange	empty	\N	\N	u	u	u	u	u	u
public.myrange	[1.5,10.5)	empty	\N	f	f	t	t	f	t
public.myrange	[1.5,10.5)	[1.5,10.5)	\N	f	t	f	t	t	f
public.myrange	[1.5,10.5)	[1.5,10.5]	\N	t	t	f	f	f	t
public.myrange	[1.5,10.5)	\N	\N	u	u	u	u	u	u
public.myrange	[1.5,10.5]	empty	\N	f	f	t	t	f	t
public.myrange	[1.5,10.5]	[1.5,10.5)	\N	f	f	t	t	f	t
public.myrange	[1.5,10.5]	[1.5,10.5]	\N	f	t	f	t	t	f
public.myrange	[1.5,10.5]	\N	\N	u	u	u	u	u	u
public.myrange	\N	empty	\N	u	u	u	u	u	u
public.myrange	\N	[1.5,10.5)	\N	u	u	u	u	u	u
public.myrange	\N	[1.5,10.5]	\N	u	u	u	u	u	u
public.myrange	\N	\N	\N	u	u	u	u	u	u
public.textrange	["a,b","c""d")	["a,b","c""d")	\N	f	t	f	t	t	f
public.textrange	["a,b","c""d")	["","a")	\N	f	f	t	t	f	t
public.textrange	["a,b","c""d")	(,"z")	\N	f	f	t	t	f	t
public.textrange	["a,b","c""d")	empty	\N	f	f	t	t	f	t
public.textrange	["a,b","c""d")	\N	\N	u	u	u	u	u	u
public.textrange	["","a")	["a,b","c""d")	\N	t	t	f	f	f	t
public.textrange	["","a")	["","a")	\N	f	t	f	t	t	f
public.textrange	["","a")	(,"z")	\N	f	f	t	t	f	t
public.textrange	["","a")	empty	\N	f	f	t	t	f	t
public.textrange	["","a")	\N	\N	u	u	u	u	u	u
public.textrange	(,"z")	["a,b","c""d")	\N	t	t	f	f	f	t
public.textrange	(,"z")	["","a")	\N	t	t	f	f	f	t
public.textrange	(,"z")	(,"z")	\N	f	t	f	t	t	f
public.textrange	(,"z")	empty	\N	f	f	t	t	f	t
public.textrange	(,"z")	\N	\N	u	u	u	u	u	u
public.textrange	empty	["a,b","c""d")	\N	t	t	f	f	f	t
public.textrange	empty	["","a")	\N	t	t	f	f	f	t
public.textrange	empty	(,"z")	\N	t	t	f	f	f	t
public.textrange	empty	empty	\N	f	t	f	t	t	f
public.textrange	empty	\N	\N	u	u	u	u	u	u
public.textrange	\N	["a,b","c""d")	\N	u	u	u	u	u	u
public.textrange	\N	["","a")	\N	u	u	u	u	u	u
public.textrange	\N	(,"z")	\N	u	u	u	u	u	u
public.textrange	\N	empty	\N	u	u	u	u	u	u
public.textrange	\N	\N	\N	u	u	u	u	u	u
public.textrange	["a,b","c"d")	["a,b","c""d")	\N	E22P02	E22P02	E22P02	E22P02	E22P02	E22P02
public.textrange	["a,b","c""d")	["a,b","c"d")	\N	E22P02	E22P02	E22P02	E22P02	E22P02	E22P02
int4multirange	{}	{}	\N	E42704	E42704	E42704	E42704	E42704	E42704
int4multirange	{}	{[1,10)}	\N	E42704	E42704	E42704	E42704	E42704	E42704
int4multirange	{}	{[1,5),[6,10)}	\N	E42704	E42704	E42704	E42704	E42704	E42704
int4multirange	{}	\N	\N	E42704	E42704	E42704	E42704	E42704	E42704
int4multirange	{[1,10)}	{}	\N	E42704	E42704	E42704	E42704	E42704	E42704
int4multirange	{[1,10)}	{[1,10)}	\N	E42704	E42704	E42704	E42704	E42704	E42704
int4multirange	{[1,10)}	{[1,5),[6,10)}	\N	E42704	E42704	E42704	E42704	E42704	E42704
int4multirange	{[1,10)}	\N	\N	E42704	E42704	E42704	E42704	E42704	E42704
int4multirange	{[1,5),[6,10)}	{}	\N	E42704	E42704	E42704	E42704	E42704	E42704
int4multirange	{[1,5),[6,10)}	{[1,10)}	\N	E42704	E42704	E42704	E42704	E42704	E42704
int4multirange	{[1,5),[6,10)}	{[1,5),[6,10)}	\N	E42704	E42704	E42704	E42704	E42704	E42704
int4multirange	{[1,5),[6,10)}	\N	\N	E42704	E42704	E42704	E42704	E42704	E42704
int4multirange	\N	{}	\N	E42704	E42704	E42704	E42704	E42704	E42704
int4multirange	\N	{[1,10)}	\N	E42704	E42704	E42704	E42704	E42704	E42704
int4multirange	\N	{[1,5),[6,10)}	\N	E42704	E42704	E42704	E42704	E42704	E42704
int4multirange	\N	\N	\N	E42704	E42704	E42704	E42704	E42704	E42704
public.myrange_multi	{}	{}	\N	E42704	E42704	E42704	E42704	E42704	E42704
public.myrange_multi	{}	{[1.5,10.5)}	\N	E42704	E42704	E42704	E42704	E42704	E42704
public.myrange_multi	{}	\N	\N	E42704	E42704	E42704	E42704	E42704	E42704
public.myrange_multi	{[1.5,10.5)}	{}	\N	E42704	E42704	E42704	E42704	E42704	E42704
public.myrange_multi	{[1.5,10.5)}	{[1.5,10.5)}	\N	E42704	E42704	E42704	E42704	E42704	E42704
public.myrange_multi	{[1.5,10.5)}	\N	\N	E42704	E42704	E42704	E42704	E42704	E42704
public.myrange_multi	\N	{}	\N	E42704	E42704	E42704	E42704	E42704	E42704
public.myrange_multi	\N	{[1.5,10.5)}	\N	E42704	E42704	E42704	E42704	E42704	E42704
public.myrange_multi	\N	\N	\N	E42704	E42704	E42704	E42704	E42704	E42704
public.empty_enum	\N	\N	\N	u	u	u	u	u	u
public.empty_enum	x	\N	\N	E22P02	E22P02	E22P02	E22P02	E22P02	E22P02
public.empty_enum	\N	x	\N	E22P02	E22P02	E22P02	E22P02	E22P02	E22P02
